ID,STATE_NAME,ST_ABBREV,CNTY_NAME,ACSTOTPOP,ACSIPOVBAS,ACSEDUCBAS,ACSTOTHH,ACSTOTHU,ACSUNEMPBAS,ACSDISABBAS,DEMOGIDX_2,DEMOGIDX_5,PEOPCOLOR,PEOPCOLORPCT,LOWINCOME,LOWINCPCT,UNEMPLOYED,UNEMPPCT,DISABILITY,DISABILITYPCT,LINGISO,LINGISOPCT,LESSHS,LESSHSPCT,UNDER5,UNDER5PCT,OVER64,OVER64PCT,LIFEEXPPCT,PM25,OZONE,DSLPM,RSEI_AIR,PTRAF,PRE1960,PRE1960PCT,PNPL,PRMP,PTSDF,UST,PWDIS,NO2,DWATER,Shape_Length,Shape_Area
51153900100,VIRGINIA,VA,Prince William County,3234,3234,2760,1559,1613,1670,3159,1.260729923,0.971099892,1621,0.501236858,248,0.07668522,11,0.006586826,303,0.095916429,52,0.033354715,123,0.044565217,185,0.0572047,968,0.299319728,0.182564103,7.117336885,55.85079,0.17022229,58.79563204,1048284.539,73,0.045257285,0.150438512,0.199625414,0.535742038,0.55291834,2955.696985,5.941893021,0,0.177784381,0.001610058
51153900201,VIRGINIA,VA,Prince William County,2441,2436,1480,961,1058,1587,2410,2.576169239,2.154165087,1884,0.77181483,797,0.327175698,107,0.06742281,372,0.154356846,93,0.096774194,198,0.133783784,79,0.032363785,176,0.072101598,0.217435897,7.212371585,56.00132,0.246330689,47.18831416,1939166.587,119,0.112476371,0.107441159,0.212286876,0.506328415,5.158355947,1608.187692,7.430988248,0,0.066764208,0.000168793
51153900202,VIRGINIA,VA,Prince William County,4124,4124,2770,1125,1266,2557,4108,2.340042565,1.778364751,3015,0.731086324,1142,0.276915616,124,0.048494329,163,0.039678676,152,0.135111111,475,0.171480144,169,0.040979631,274,0.066440349,0.169230769,7.216208197,55.82964,0.243887459,42.40539441,1942872.958,740,0.584518167,0.100379162,0.197936753,0.323682439,2.421485001,1481.485726,7.024271642,0,0.06483419,0.000206998
51153900203,VIRGINIA,VA,Prince William County,4589,4589,2781,1406,1616,2237,4574,2.73809154,2.27078697,4081,0.889300501,1382,0.301154936,95,0.042467591,461,0.100787057,202,0.143669986,532,0.191298094,437,0.095227718,264,0.057528873,0.206153846,7.197157923,55.83719,0.217923803,45.32269551,1432192.241,165,0.10210396,0.10855256,0,0.257901881,1.43282189,1696.97799,7.046775897,0,0.04501805,0.000111043
51153900301,VIRGINIA,VA,Prince William County,3494,3494,2526,1503,1610,2072,3462,1.846608204,1.707759694,1944,0.55638237,812,0.232398397,191,0.092181467,465,0.134315425,140,0.093147039,276,0.109263658,169,0.048368632,311,0.089009731,0.180512821,7.243385246,56.03626,0.250596623,42.57440461,1980590.732,319,0.198136646,0.039346429,0.23544811,0.455011814,5.261958187,749.7767363,6.979261768,0,0.072386083,0.000197919
51153900302,VIRGINIA,VA,Prince William County,5463,5377,3788,2227,2330,3258,5290,2.309223688,1.727672947,3811,0.69760205,1556,0.289380696,28,0.00859423,523,0.098865784,147,0.066008083,651,0.171858501,263,0.048142046,353,0.064616511,0.180512821,7.232929781,55.79823,0.248440548,40.20947831,1876875.904,37,0.015879828,0,0.195784515,0.286848501,2.458813027,839.2163909,7.404631107,0,0.105774828,0.000388241
51153900403,VIRGINIA,VA,Prince William County,6107,6090,4113,1950,2012,3235,6089,2.314609083,1.701417511,4596,0.752579008,1547,0.254022989,176,0.054404946,631,0.103629496,201,0.103076923,625,0.151957209,777,0.127231046,769,0.125921074,0.16,7.208924863,55.47455,0.178071521,34.71307642,1311404.74,103,0.051192843,0.078182302,0,0.09824936,2.968459601,1223.102014,7.419461825,0,0.144229603,0.000790094
51153900404,VIRGINIA,VA,Prince William County,5702,5692,3745,1744,1808,2935,5654,2.818435356,2.385773633,4848,0.85022799,2015,0.354005622,263,0.089608177,460,0.08135833,348,0.199541284,820,0.218958611,297,0.052086987,462,0.081024202,0.164102564,7.205901366,55.28439,0.173518369,32.82387659,1072587.897,97,0.053650442,0.102979571,0,0.024933455,1.103061651,1128.579837,6.966819502,0,0.088035072,0.000282392
51153900407,VIRGINIA,VA,Prince William County,7089,7089,4398,2256,2390,4067,6973,2.527301194,1.7783172,5836,0.823247285,1959,0.276343631,281,0.069092697,612,0.087767102,161,0.071365248,645,0.146657572,694,0.097898152,619,0.087318381,,7.202148634,55.18307,0.170696031,29.93241569,960221.5154,107,0.044769874,0.123719695,0,0,3.055211956,31.74779747,6.265945822,0,0.071919058,0.000211013
51153900408,VIRGINIA,VA,Prince William County,5334,5334,3288,1534,1595,2834,5318,1.592010922,1.312953516,3599,0.674728159,366,0.068616423,96,0.033874382,435,0.081797668,141,0.091916558,333,0.101277372,704,0.131983502,371,0.069553806,0.178461538,7.191485792,55.15391,0.157985338,29.17011798,816841.4259,98,0.061442006,0.131832714,0,0,0,485.9194125,5.89665489,0,0.085700382,0.000201307
51153900409,VIRGINIA,VA,Prince William County,5003,4976,3438,1579,1603,3013,4973,2.128236512,1.960593555,4293,0.858085149,604,0.121382637,74,0.024560239,522,0.104966821,145,0.091830272,807,0.234729494,150,0.029982011,609,0.121726964,0.206153846,7.189668306,55.24277,0.160766455,31.51438735,953881.3149,0,0,0.113966102,0,0,0,1444.887787,6.513326571,0,0.072721363,0.000215854
51153900410,VIRGINIA,VA,Prince William County,5891,5891,3683,2078,2214,3548,5856,2.742017858,1.322219504,5197,0.882193176,1810,0.307248345,178,0.050169109,304,0.051912568,149,0.071703561,252,0.068422482,638,0.108300798,229,0.038872857,0.176410256,7.158474044,55.32373,0.176123879,36.39436334,1318504.531,33,0.014905149,0.234565584,0,0.042028269,1.822891019,2210.774855,7.097802327,0,0.108896328,0.000450708
51153900502,VIRGINIA,VA,Prince William County,5112,4801,3551,2041,2130,3043,4728,1.897269345,0.937691702,3555,0.695422535,745,0.155176005,164,0.053894183,292,0.061759729,69,0.033806957,162,0.045620952,388,0.075899844,445,0.087050078,0.176410256,7.152292077,55.49733,0.211705209,44.85417152,1523818.995,0,0,0.220695041,0,0.20549711,2.088257473,2471.517405,7.548125292,0,0.081049101,0.000221028
51153900503,VIRGINIA,VA,Prince William County,3823,3650,2318,1229,1275,2305,3802,2.42352595,1.648542578,3296,0.862150144,788,0.215890411,175,0.075921909,258,0.067859022,104,0.084621644,485,0.209232097,352,0.092074287,346,0.090504839,0.164102564,7.193168306,55.66076,0.217562229,42.095928,1907799.483,174,0.136470588,0.12830849,0,0.226708482,1.263350919,2006.137798,7.477478341,0,0.085614739,0.00019543
51153900504,VIRGINIA,VA,Prince William County,5079,5060,2912,1385,1546,2649,5079,3.194031975,2.765592716,4384,0.86316204,2373,0.468972332,509,0.19214798,640,0.126009057,294,0.212274368,690,0.236950549,254,0.050009844,564,0.111045481,0.164102564,7.177772131,55.69278,0.217556775,45.25113794,1365936.922,186,0.120310479,0.110172242,0,0.230626832,2.15025423,2152.487718,7.118523772,0,0.060757351,0.000203547
51153900601,VIRGINIA,VA,Prince William County,3620,3367,2223,973,977,1974,3620,2.844594612,2.506825138,2831,0.782044199,1376,0.408672409,69,0.034954407,380,0.104972376,136,0.139773895,500,0.224921278,385,0.106353591,321,0.088674033,0.209230769,7.144686885,55.77587,0.200556916,51.94356778,991004.3362,207,0.211873081,0.128927425,0,0.243795815,3.204844393,2511.424884,6.613009549,0,0.058328324,0.000168002
51153900602,VIRGINIA,VA,Prince William County,3586,3586,1830,1350,1459,2263,3492,3.125116448,2.354031175,3081,0.859174568,1610,0.44896821,73,0.032258065,196,0.056128293,245,0.181481481,257,0.140437158,278,0.077523703,194,0.054099275,0.209230769,7.172420219,55.84385,0.215971619,48.63163107,1142798.963,186,0.127484578,0.122189658,0.057887864,0.287571303,2.758406258,2267.25926,7.022999902,0,0.053854474,0.000119001
51153900701,VIRGINIA,VA,Prince William County,7048,7040,4843,2530,2948,4245,6986,2.921177198,1.266769956,6079,0.862514188,2672,0.379545455,260,0.061248528,521,0.074577727,59,0.023320158,218,0.045013421,572,0.081157775,475,0.067395006,,7.128559016,55.5346,0.200355687,47.97493187,1153840.255,90,0.030529172,0.240154859,0,0.193484377,2.131176596,2850.34223,6.613335613,0,0.095380691,0.000285327
51153900702,VIRGINIA,VA,Prince William County,8311,8283,5238,2318,2435,5052,8262,2.236541295,1.501350015,6806,0.818914691,1520,0.183508391,503,0.099564529,983,0.118978456,155,0.06686799,743,0.141848034,468,0.056310913,560,0.06738058,0.165128205,7.111257104,55.6238,0.177713017,56.79743907,793963.6178,70,0.028747433,0.255181855,0,0.361530455,0.456434083,3604.508696,5.849758825,0,0.095577083,0.000494377
51153900801,VIRGINIA,VA,Prince William County,7017,6993,4574,2272,2272,4198,6917,1.612801461,0.813872312,5061,0.721248397,308,0.044044044,271,0.06455455,654,0.09454966,25,0.011003521,237,0.051814604,476,0.067835257,726,0.103463018,0.175384615,7.063994536,55.45296,0.179821116,59.70629063,708673.9258,0,0,0.326056004,0,0.414167476,1.267863648,4171.512648,4.933585435,0,0.163377554,0.001029809
51153900803,VIRGINIA,VA,Prince William County,5718,5718,3688,2104,2253,3215,5644,2.256793938,1.348964171,4470,0.781741868,1231,0.215285065,175,0.054432348,669,0.118532955,48,0.022813688,344,0.093275488,322,0.056313396,319,0.055788737,,7.071904098,55.14926,0.157864669,52.49390076,731358.0153,27,0.011984021,0.368213043,0,0.342470995,1.190701308,3870.957296,5.667331141,0,0.056416845,0.000141051
51153900804,VIRGINIA,VA,Prince William County,5694,5694,3606,1866,1866,3412,5583,1.757978598,0.865331602,4286,0.752722164,402,0.070600632,178,0.052168816,456,0.081676518,34,0.018220793,233,0.064614531,560,0.098349139,366,0.064278188,,7.024996448,55.32433,0.15388705,63.82219524,549528.9028,16,0.008574491,0.410134344,0,0.473868267,0,5072.237106,4.198051573,0,0.150594265,0.000748619
51153900901,VIRGINIA,VA,Prince William County,6033,6026,3547,1941,2097,3364,5911,2.461942668,1.813085704,4585,0.75998674,1793,0.297543976,159,0.047265161,438,0.074099137,83,0.042761463,744,0.209754722,311,0.051549809,453,0.075087021,0.209230769,7.024476503,54.8924,0.15422515,43.64059141,617775.3796,315,0.150214592,0.818762251,0,0.404154444,1.668831907,4292.497404,5.347383539,0,0.109899121,0.00034153
51153900904,VIRGINIA,VA,Prince William County,6634,6611,4027,1768,1883,3640,6578,1.827663931,0.764051237,5073,0.764697015,565,0.085463621,166,0.045604396,345,0.052447552,50,0.028280543,181,0.04494661,358,0.053964426,327,0.049291528,,6.989775683,55.0882,0.144219387,66.94235433,530888.8414,86,0.0456718,0.60977887,0,0.457200488,1.287070259,5345.34055,4.376006727,0,0.19971142,0.001312229
51153900905,VIRGINIA,VA,Prince William County,6152,6126,4054,1831,1929,3116,6088,2.103799912,1.281945364,4527,0.735858257,1200,0.195886386,339,0.108793325,822,0.135019711,49,0.026761333,285,0.070300937,511,0.083062419,675,0.109720416,0.183589744,6.988679508,54.78707,0.105171752,58.06339028,378613.9247,226,0.11715915,3.372635011,0,0.610764259,0.390342632,5690.108559,4.40406457,0,0.109128878,0.000567767
51153901005,VIRGINIA,VA,Prince William County,6623,6613,4222,1901,1901,3703,6562,1.066753332,0.657633659,2944,0.444511551,338,0.051111447,150,0.040507696,352,0.053642182,35,0.018411362,107,0.025343439,379,0.057224823,280,0.042276914,0.175384615,7.150998907,54.54996,0.139790394,23.75098068,466236.6797,4,0.002104156,0.263333754,0,0,0.143134103,22.11230586,4.580749549,0,0.108170067,0.000527978
51153901009,VIRGINIA,VA,Prince William County,7436,7436,4516,2239,2239,3294,7251,1.121931961,0.710279277,3396,0.456697149,454,0.06105433,75,0.02276867,662,0.091297752,20,0.008932559,206,0.045615589,520,0.06993007,790,0.106239914,0.157948718,7.176833333,54.95034,0.148521017,26.71695376,634993.6713,23,0.010272443,0.16650453,0,0,0.108358093,157.4252248,5.311493204,0,0.121191091,0.000487176
51153901010,VIRGINIA,VA,Prince William County,4906,4906,3147,1401,1467,2610,4843,1.000571338,0.689795634,2028,0.413371382,247,0.050346514,152,0.058237548,438,0.09043981,0,0,54,0.017159199,524,0.10680799,535,0.109050143,0.180512821,7.151104372,54.93834,0.151137401,29.21284243,666055.5656,0,0,0.173797749,0,0,0.210734162,356.4940379,5.838832018,0,0.101217804,0.000303186
51153901011,VIRGINIA,VA,Prince William County,6257,6257,4220,1889,1958,3426,6141,1.620969496,0.885674514,3862,0.617228704,732,0.116988972,198,0.057793345,527,0.085816642,55,0.029115934,223,0.052843602,482,0.077033722,526,0.084065846,0.161025641,7.164756284,55.15872,0.160104358,33.38719093,870125.5679,6,0.003064351,0.201523888,0,0.031362847,0,1935.718101,5.840134244,0,0.114008155,0.000399691
51153901012,VIRGINIA,VA,Prince William County,3484,3436,2809,1634,1703,1389,3450,1.286879804,1.349847394,1242,0.356486797,629,0.1830617,46,0.033117351,632,0.183188406,38,0.023255814,193,0.068707725,224,0.064293915,1513,0.434270953,0.175384615,7.119189891,55.07797,0.169051405,38.64243346,847446.4844,49,0.028772754,0.284355968,0,0.203785448,1.396550406,2786.160893,5.745440728,0,0.105329803,0.00046407
51153901013,VIRGINIA,VA,Prince William County,3349,3349,2140,1120,1160,1754,3322,2.454002124,1.651438213,2604,0.777545536,948,0.283069573,29,0.016533637,257,0.077363034,86,0.076785714,236,0.110280374,196,0.058524933,193,0.057629143,,7.060565847,54.89499,0.185124713,38.00409591,1132619.329,55,0.047413793,0.45607832,0,0.27172252,3.766458372,3371.522564,5.905947048,0,0.072099107,0.000257992
51153901014,VIRGINIA,VA,Prince William County,4983,4979,3092,1413,1469,2604,4947,2.053614476,1.265090071,3489,0.700180614,1013,0.203454509,242,0.092933948,491,0.099252072,12,0.008492569,363,0.117399741,445,0.089303632,446,0.089504315,,7.093647814,54.45186,0.159426034,32.01979424,883990.7633,184,0.125255276,1.139751735,0,0.28546388,1.633868942,3670.781811,4.785313936,0,0.360416739,0.005332872
51153901015,VIRGINIA,VA,Prince William County,3561,3531,2108,1200,1200,2043,3548,2.589837255,1.061661264,3222,0.904802022,854,0.241857831,117,0.057268722,169,0.047632469,28,0.023333333,158,0.074952562,440,0.123560798,109,0.030609379,,7.082437705,55.07443,0.155425998,43.40777377,1107827.185,0,0,0.362892957,0,0.24545199,4.410326657,3620.090821,6.238691324,0,0.050473068,0.000143346
51153901016,VIRGINIA,VA,Prince William County,5428,5319,3330,1580,1649,2666,5379,2.121730214,1.279419333,4238,0.780766396,912,0.171460801,261,0.097899475,596,0.110801264,52,0.032911392,283,0.084984985,368,0.06779661,368,0.06779661,,7.117392077,55.20171,0.182967272,46.09943735,1030613.53,6,0.003638569,0.293537733,0,0.20415516,2.229885919,3123.932807,6.116978077,0,0.073124437,0.000315403
51153901101,VIRGINIA,VA,Prince William County,2290,1363,931,585,681,601,1166,2.0952355,1.359522632,1081,0.472052402,506,0.371239912,39,0.064891847,86,0.073756432,22,0.037606838,50,0.053705693,130,0.056768559,51,0.022270742,,6.94197459,54.77903,0.101699777,614.1145394,205287.0109,291,0.427312775,11.19244556,0,1.7593463,0,8808.165426,4.605097512,0,0.176718939,0.000801153
51153901102,VIRGINIA,VA,Prince William County,3378,2660,1170,822,888,450,1975,1.518885385,0.722854983,1041,0.308170515,777,0.292105263,46,0.102222222,81,0.041012658,0,0,0,0,588,0.174067496,0,0,,6.959277596,54.61496,0.153393294,51.72197596,431302.0148,8,0.009009009,11.12488073,0,1.042302667,0.397932322,4855.608539,5.111573798,0,0.211368059,0.00144951
51153901203,VIRGINIA,VA,Prince William County,3536,3536,2417,1368,1368,2066,3532,1.836599332,1.19095373,2351,0.664875566,551,0.155825792,91,0.044046467,261,0.07389581,80,0.058479532,382,0.158047166,251,0.070984163,510,0.144230769,0.135384615,7.229948634,55.31073,0.17039332,31.81500104,968215.7395,32,0.023391813,0.106248356,0,0.047801894,3.065237532,41.57863842,6.24538736,0,0.093347322,0.000347831
51153901208,VIRGINIA,VA,Prince William County,3519,3484,2430,1315,1327,1378,3478,1.509524729,1.427838344,1542,0.438192668,701,0.201205511,100,0.07256894,443,0.127372053,102,0.07756654,245,0.100823045,117,0.033248082,993,0.282182438,0.154871795,7.274329508,55.95513,0.250528148,39.15522592,1256752.809,0,0,0,0.22466342,0.315052738,1.406666688,114.7505405,6.418285937,0,0.06938478,0.000262454
51153901209,VIRGINIA,VA,Prince William County,6564,6542,4091,1964,1998,3403,6475,1.884532094,0.901884068,4135,0.629951249,1277,0.195200245,198,0.058183955,385,0.059459459,41,0.020875764,390,0.095331215,464,0.070688605,864,0.131627057,0.144615385,7.245725137,55.66317,0.199946451,35.09796606,1209274.112,17,0.008508509,0,0.070241215,0.168614759,1.992966948,50.58751628,6.790895117,0,0.111411457,0.000448313
51153901211,VIRGINIA,VA,Prince William County,4792,4792,3100,1250,1292,2845,4792,2.328034264,1.95186455,3878,0.809265442,1055,0.220158598,70,0.024604569,368,0.076794658,101,0.0808,715,0.230645161,121,0.025250417,358,0.074707846,0.209230769,7.252120492,55.28797,0.163261273,30.33520275,900048.5228,73,0.056501548,0.104813102,0,0,3.528667488,46.7637034,6.37265802,0,0.065818739,0.000191172
51153901212,VIRGINIA,VA,Prince William County,7569,7569,4575,2152,2174,3645,7534,2.222146648,1.692985272,5855,0.773550007,1585,0.209406791,260,0.07133059,802,0.106450757,131,0.060873606,955,0.208743169,625,0.082573656,800,0.105694279,0.172307692,7.248395902,55.12448,0.142895463,28.80468244,762705.9109,77,0.035418583,0.115441776,0,0,1.509213214,48.04950574,6.351480336,0,0.091773918,0.000320537
51153901219,VIRGINIA,VA,Prince William County,5493,5474,4094,1961,2011,2923,5441,0.602429964,0.587408412,1474,0.268341526,94,0.017172086,121,0.041395826,288,0.052931446,23,0.01172871,92,0.02247191,198,0.036045877,1042,0.189695977,0.177435897,7.292614208,55.12664,0.147216262,24.07226512,515819.3126,28,0.013923421,0.103988175,0,0.033834704,0.536925088,118.8201122,3.99017824,0,0.315141613,0.002576235
51153901221,VIRGINIA,VA,Prince William County,6449,6449,4322,2318,2375,3546,6322,1.787946873,0.745813948,3880,0.601643666,1177,0.182508916,181,0.051043429,213,0.03369187,34,0.014667817,125,0.028921795,450,0.06977826,647,0.100325632,0.174358974,7.300849727,55.71293,0.1750197,31.83791702,771008.2901,0,0,0,0.026145139,0.148232588,2.374604335,79.71700393,5.473842873,0,0.080293313,0.000255769
51153901222,VIRGINIA,VA,Prince William County,2624,2624,1747,908,924,1368,2604,1.325333044,1.11962005,1111,0.42339939,395,0.150533537,73,0.053362573,304,0.116743472,4,0.004405286,180,0.103033772,141,0.053734756,342,0.130335366,0.174358974,7.318130874,55.95173,0.171749692,33.81133575,762272.3852,0,0,0,0.157746665,0.242340302,0,87.4659339,4.780141909,0,0.05251759,0.00012678
51153901223,VIRGINIA,VA,Prince William County,6194,6100,4231,2196,2196,3553,6155,1.634442424,1.070521218,3531,0.570067808,935,0.153278689,135,0.03799606,544,0.088383428,107,0.048724954,342,0.080831955,412,0.066515983,800,0.129157249,0.154871795,7.295777869,55.87334,0.178840553,33.29280021,950962.4761,0,0,0,0.162416641,0.253351136,1.054549243,80.49551526,5.429053165,0,0.10690928,0.000407571
51153901224,VIRGINIA,VA,Prince William County,4276,4276,2718,1362,1362,2175,4220,1.326460856,1.255852918,2067,0.483395697,472,0.110383536,144,0.066206897,425,0.1007109,67,0.049192364,161,0.059234731,205,0.047942002,728,0.170252572,0.206153846,7.26347541,55.69505,0.175484462,32.67403892,1003681.328,6,0.004405286,0,0.047319044,0.17945751,1.998385593,58.0515122,5.998653867,0,0.087291038,0.000331811
51153901225,VIRGINIA,VA,Prince William County,4961,4961,3330,1598,1764,2774,4952,1.340160068,1.342208095,2789,0.562185043,306,0.061681113,128,0.046142754,546,0.110258481,75,0.046933667,323,0.096996997,340,0.06853457,651,0.131223544,0.21025641,7.253598361,55.42487,0.174726004,31.78746501,997616.3484,14,0.007936508,0,0,0.106076174,2.900831599,50.01805552,6.267702966,0,0.076876345,0.000332396
51153901226,VIRGINIA,VA,Prince William County,6384,6384,4429,1766,1778,3570,6354,1.616443617,1.022075889,4200,0.657894737,562,0.088032581,112,0.031372549,540,0.084985836,40,0.022650057,398,0.089862271,520,0.081453634,694,0.108709273,0.180512821,7.235578142,54.9336,0.135344865,26.69661762,606711.6747,13,0.007311586,0.138982299,0,0,2.19394247,52.61013047,5.762226532,0,0.092273772,0.000374923
51153901227,VIRGINIA,VA,Prince William County,6079,6064,3501,1495,1495,3298,6079,2.035810189,1.600659925,4368,0.718539233,1123,0.185191293,91,0.02759248,417,0.068596809,84,0.056187291,768,0.219365895,439,0.072215825,504,0.082908373,0.180512821,7.220422678,54.98349,0.13603319,28.89422644,638008.644,0,0,0.14039161,0,0,1.677083164,41.40129893,5.646458489,0,0.115319712,0.000336665
51153901228,VIRGINIA,VA,Prince William County,6578,6506,4172,1857,1857,3517,6539,2.057802064,1.529176535,4984,0.757677106,1080,0.166000615,114,0.032413989,529,0.08089922,138,0.074313409,671,0.160834132,497,0.07555488,670,0.101854667,0.180512821,7.193119945,54.85516,0.138941747,27.34081636,651737.8126,23,0.012385568,0.159274585,0,0,0.305452962,33.22590125,5.437051861,0,0.091117352,0.000323787
51153901229,VIRGINIA,VA,Prince William County,4766,4766,2917,1340,1340,2612,4741,1.913919588,1.285957025,3348,0.702475871,743,0.15589593,112,0.04287902,388,0.081839274,76,0.056716418,306,0.104902297,349,0.073227025,426,0.089383131,0.180512821,7.205152459,54.76185,0.132334468,25.63965553,469563.7766,65,0.048507463,0.177558818,0,0,0.238329012,43.99226986,4.984798067,0,0.083217672,0.000264412
51153901230,VIRGINIA,VA,Prince William County,4116,4104,2597,1190,1190,2274,4093,1.693821805,1.348853129,2531,0.614917396,585,0.14254386,126,0.055408971,400,0.097727828,88,0.07394958,275,0.105891413,237,0.057580175,365,0.088678328,0.171282051,7.220308743,54.747,0.115549437,23.87596146,473979.8905,26,0.021848739,0.173762774,0,0,0.942108462,59.21272128,5.189426368,0,0.081257892,0.00025254
51153901231,VIRGINIA,VA,Prince William County,6456,6252,4462,2125,2294,3452,6252,1.058099547,0.928879313,2507,0.388320942,539,0.086212412,149,0.043163384,573,0.091650672,54,0.025411765,230,0.051546392,339,0.052509294,1085,0.168060719,0.177435897,7.326269126,55.12127,0.153482421,19.92447709,647886.8472,114,0.049694856,0.016279059,0.101436902,0.145475581,2.729337828,961.3269838,4.794202493,0,0.419341613,0.002044155
51153901232,VIRGINIA,VA,Prince William County,6141,5182,4480,1637,1728,3016,5147,1.253740145,0.883636894,2835,0.461651197,524,0.101119259,58,0.019230769,373,0.0724694,18,0.010995724,438,0.097767857,373,0.060739293,673,0.109591272,0.163076923,7.282990984,54.59352,0.156266049,21.15057182,592177.7948,27,0.015625,0.101659308,0.109564027,0.19129077,0.645867396,1714.125165,5.453192513,0,0.201853824,0.001335563
51153901233,VIRGINIA,VA,Prince William County,6851,6809,4721,2281,2297,3830,6821,0.971543227,0.920196318,1972,0.287841191,855,0.1255691,85,0.022193211,324,0.047500367,92,0.040333187,227,0.048083033,220,0.0321121,793,0.115749526,0.181538462,7.233007923,54.38585,0.119066826,20.88036633,349672.5666,55,0.023944275,0.199041712,0,0.067562024,0.606796311,111.166326,3.962220875,0,0.206045309,0.001577914
51153901234,VIRGINIA,VA,Prince William County,2986,2965,2228,1040,1040,1621,2922,0.942869952,0.68954633,1188,0.397856664,124,0.041821248,46,0.028377545,207,0.070841889,0,0,130,0.058348294,122,0.040857334,452,0.151373074,0.171282051,7.173738525,54.3376,0.114662456,21.73509933,406741.3266,43,0.041346154,0.297682138,0,0,0.426166774,52.05226337,4.177447346,0,0.178746216,0.001663425
51153901235,VIRGINIA,VA,Prince William County,3004,3004,1877,953,1023,1678,2892,0.872511364,0.692315764,1019,0.339214381,175,0.058255659,26,0.015494636,249,0.086099585,8,0.008394544,29,0.015450186,117,0.038948069,290,0.096537949,0.175384615,7.305967213,55.5639,0.168482614,28.01414325,614805.5949,19,0.018572825,0.044497015,0,0.105947948,0,104.3217671,4.259698461,0,0.129345117,0.000449902
51153901236,VIRGINIA,VA,Prince William County,6419,6380,3973,1995,2057,3294,6283,1.177979065,0.813681448,3145,0.489951706,364,0.057053292,86,0.026108075,357,0.05681999,58,0.029072682,232,0.058394161,394,0.061380277,588,0.091603053,0.175384615,7.28231612,55.42987,0.165762929,28.8129088,719717.9022,32,0.015556636,0.076228537,0,0.098922731,0.91617167,59.70919668,5.404692188,0,0.121118662,0.000523158
51153901237,VIRGINIA,VA,Prince William County,2982,2982,1846,1160,1234,1687,2908,1.30860753,1.118886498,1398,0.468812877,341,0.114352783,136,0.080616479,294,0.101100413,74,0.063793103,79,0.042795233,203,0.068075117,141,0.047283702,0.174358974,7.283647268,55.60815,0.175421724,30.76627588,757680.308,43,0.034846029,0,0,0.107749289,2.792380598,61.16205887,5.646726673,0,0.050161622,9.42E-05
51153901303,VIRGINIA,VA,Prince William County,5165,5091,3440,1515,1515,2986,5165,1.27690457,1.044940971,2465,0.477250726,500,0.098212532,43,0.014400536,296,0.057308809,75,0.04950495,331,0.09622093,457,0.088480155,301,0.058276864,0.172307692,7.241266667,54.23682,0.146712605,28.26367742,591954.0699,9,0.005940594,0.108488097,0.117614141,0.302704195,0.8484033,2630.700369,7.087112302,0,0.124841333,0.000445143
51153901304,VIRGINIA,VA,Prince William County,3235,3227,2232,972,998,1771,3235,1.218923516,1.266294963,1154,0.356723338,518,0.160520607,155,0.087521174,347,0.107264297,12,0.012345679,192,0.086021505,229,0.070788253,452,0.139721793,0.209230769,7.207362295,53.95925,0.140541347,20.03678564,379195.2314,231,0.231462926,0.140612845,0.029659571,0.171659754,0.078955536,1492.856626,4.302408094,,0.247257995,0.001582337
51153901305,VIRGINIA,VA,Prince William County,4070,4070,2737,1259,1339,2428,4014,0.679560618,0.966695736,983,0.241523342,247,0.060687961,71,0.029242175,408,0.101644245,0,0,80,0.029229083,45,0.011056511,463,0.113759214,0.219487179,7.072805464,53.01148,0.098169964,9.83668407,179803.7856,368,0.274831964,0.303630103,0.04592138,0.119948396,0.069561466,2084.149365,2.760155603,,0.496299101,0.008242369
51153901306,VIRGINIA,VA,Prince William County,5259,5259,3640,1676,1774,2755,5248,0.729457342,0.740223462,1388,0.263928504,326,0.061988971,123,0.044646098,355,0.067644817,35,0.020883055,154,0.042307692,241,0.045826203,1055,0.200608481,0.169230769,7.142773224,53.70509,0.106569856,15.30262334,282595.9029,56,0.03156708,0.521430771,0,0.098928441,0.553679854,300.4511606,3.342854984,0,0.357303749,0.003362442
51153901403,VIRGINIA,VA,Prince William County,7258,7033,5015,2812,2951,4044,7129,2.512985458,1.895871068,4955,0.682694957,2578,0.366557657,294,0.072700297,626,0.087810352,447,0.158961593,468,0.09332004,530,0.073022871,768,0.105814274,0.165128205,7.258681148,54.63028,0.180549271,30.88393054,977083.1264,124,0.042019654,0,0.325971238,0.366612226,4.422730184,4687.495242,5.705093064,0,0.099890035,0.000522534
51153901407,VIRGINIA,VA,Prince William County,4385,4369,2854,1542,1598,2797,4385,2.711254762,2.46584496,3610,0.823261117,1472,0.336919203,58,0.020736503,295,0.0672748,310,0.201037613,590,0.2067274,365,0.083238312,188,0.042873432,0.197948718,7.24122541,54.74085,0.202948994,19.0339834,1078329.222,57,0.035669587,0,0.525354825,0.214390834,4.41068974,5115.589548,5.667451078,0,0.116268252,0.0002781
51153901409,VIRGINIA,VA,Prince William County,9046,8922,5854,2931,3015,5034,8964,1.683166792,1.218623673,5254,0.580809197,1446,0.162071284,87,0.017282479,420,0.046854083,208,0.070965541,474,0.080970277,456,0.050409021,528,0.05836834,,7.218084973,54.12167,0.155699602,12.72587728,581431.9453,55,0.018242123,0.000401169,0.165207398,0.306242924,0.870076708,11281.03011,5.254083407,0,0.229935474,0.001992903
51153901411,VIRGINIA,VA,Prince William County,6030,5984,3799,1964,1997,3019,5940,0.93895968,0.711704484,2288,0.379436153,317,0.052974599,109,0.03610467,429,0.072222222,148,0.075356415,147,0.038694393,277,0.045936982,850,0.140961857,0.117948718,7.049350546,53.51964,0.139684521,6.774639548,444379.567,50,0.025037556,0,0.066519828,0.06766757,1.027627487,3872.754009,6.242032576,0,0.192898494,0.001253876
51153901412,VIRGINIA,VA,Prince William County,7753,7744,4646,2193,2193,4158,7698,0.908401675,0.603414072,2834,0.365535922,405,0.052298554,131,0.031505532,509,0.06612107,18,0.008207934,63,0.013560052,755,0.097381659,309,0.03985554,0.172307692,7.117303825,53.72243,0.143570621,7.497936201,392068.2804,0,0,0,0.105045014,0.116797124,0.285305005,5239.687031,5.382310528,0,0.096589787,0.000400286
51153901413,VIRGINIA,VA,Prince William County,4425,4395,2611,1293,1293,2499,4386,1.001291886,0.716294049,1852,0.418531073,207,0.047098976,173,0.069227691,416,0.094847241,0,0,109,0.041746457,186,0.042033898,236,0.053333333,0.17025641,7.148630055,53.74839,0.14417774,8.502334274,404700.5631,9,0.006960557,0,0.114530274,0.14016905,0,7165.229597,4.728430592,0,0.069278555,0.000206198
51153901414,VIRGINIA,VA,Prince William County,5466,5466,3726,1609,1633,2823,5460,0.891404303,0.616382737,2068,0.378338822,208,0.038053421,112,0.039674106,495,0.090659341,39,0.024238658,120,0.032206119,111,0.020307355,920,0.168313209,0.139487179,7.117794262,53.46698,0.134923811,8.836438622,350894.2539,36,0.022045315,0,0.107046024,0.157380696,0,6443.013978,5.503940379,0,0.171968438,0.000772359
51153901415,VIRGINIA,VA,Prince William County,4403,4403,2677,1367,1426,2521,4384,0.720067868,0.468734896,1472,0.334317511,50,0.011355894,127,0.050376835,181,0.041286496,12,0.008778347,94,0.035113934,353,0.08017261,330,0.074948898,,7.164563115,53.70865,0.136491879,9.870704647,444171.7625,33,0.023141655,0,0.116597834,0.186489048,0.202635377,8605.292074,5.197768188,0,0.104611225,0.000333546
51153901416,VIRGINIA,VA,Prince William County,5143,5143,2865,1385,1437,2693,5110,1.383206881,1.295314717,1901,0.369628621,1059,0.205910947,70,0.025993316,186,0.036399217,168,0.121299639,48,0.016753927,397,0.0771923,179,0.034804589,,7.167143716,53.61287,0.141208433,10.93174712,438879.4065,0,0,0.045004363,0.114127752,0.235894242,0.607076652,6121.219071,5.234215496,0,0.134539744,0.000389991
51153901417,VIRGINIA,VA,Prince William County,2914,2914,2062,1029,1109,1773,2914,0.880282427,0.771117452,820,0.281400137,291,0.099862732,22,0.012408347,248,0.085106383,0,0,116,0.056256062,132,0.045298559,417,0.143102265,0.166153846,7.069313388,53.02802,0.119054681,7.154853106,304704.7965,213,0.192064923,0.062162312,0.061712742,0.145635746,0.144079864,3721.163806,4.412729244,0,0.379664861,0.004843029
51153901418,VIRGINIA,VA,Prince William County,4256,4249,2731,1615,1797,2797,4239,2.411559788,1.809759136,3553,0.834821429,979,0.230407155,57,0.020378977,309,0.072894551,127,0.078637771,616,0.225558404,436,0.102443609,336,0.078947368,0.185641026,7.223435792,54.60217,0.203530081,18.34058665,877362.1922,0,0,0,0.367330819,0.226307363,0.752255912,6239.032357,5.351364156,0,0.135977641,0.000412775
51153901419,VIRGINIA,VA,Prince William County,3837,3837,2272,1349,1404,1930,3819,3.285447147,2.783640773,3343,0.871253584,1894,0.493614803,19,0.00984456,201,0.052631579,299,0.221645663,586,0.257922535,468,0.121970289,190,0.049517852,0.185641026,7.241790164,54.72354,0.206578348,19.64821031,979250.1006,0,0,0,0.500864601,0.214662233,0.766767565,5220.87153,5.691840172,0,0.032624662,5.81E-05
51153901420,VIRGINIA,VA,Prince William County,4328,4328,2353,1099,1099,2102,4328,1.172182375,0.652083083,1892,0.43715342,393,0.090804067,50,0.02378687,145,0.033502773,29,0.026387625,149,0.063323417,255,0.058918669,216,0.049907579,0.148717949,7.20072623,54.15242,0.144223011,11.18063706,555596.3442,13,0.011828935,0,0.162991953,0.218103512,0.935752388,27419.69553,5.437897325,0,0.082900841,0.000308948
51153901421,VIRGINIA,VA,Prince William County,5416,5416,2975,1367,1382,2968,5400,0.917042791,0.45623979,2265,0.418205318,106,0.01957164,213,0.071765499,226,0.041851852,13,0.009509876,124,0.041680672,634,0.117060561,286,0.052806499,0.148717949,7.16907623,54.08448,0.145737437,9.792885342,599375.2401,0,0,0,0.134584421,0.160804057,1.442536194,17675.5175,5.31892249,0,0.182043702,0.001462701
51153901503,VIRGINIA,VA,Prince William County,5327,5318,3718,1860,1967,2957,5327,0.611849153,0.821132455,1226,0.230148301,245,0.046069951,83,0.028068989,549,0.103059884,32,0.017204301,143,0.038461538,253,0.047493899,1003,0.18828609,0.173333333,7.166689071,55.10022,0.126992287,8.032805235,312814.1955,147,0.074733096,0,0.087515701,0.071820245,0.20809215,2177.196051,5.143982653,0,0.557081991,0.008521382
51153901504,VIRGINIA,VA,Prince William County,4756,4615,4216,2560,2655,1383,4615,0.718807328,1.461396111,1339,0.281539108,215,0.046587216,87,0.062906725,1121,0.242903575,126,0.04921875,72,0.017077799,85,0.017872161,3045,0.640243902,0.201025641,7.14710765,54.44747,0.180949603,8.260235306,665546.7893,0,0,0,0.121510619,0.077071045,0.274337256,4733.523317,7.104761769,0,0.134471152,0.00087389
51153901505,VIRGINIA,VA,Prince William County,7237,7237,4519,2179,2179,4054,7220,0.964412277,0.808849865,2444,0.337708995,648,0.089539865,216,0.05328071,513,0.071052632,58,0.026617715,166,0.036733791,199,0.027497582,809,0.111786652,0.172307692,7.065218306,54.3836,0.156329145,6.548174136,374637.8391,30,0.013767783,0,0.09613267,0,0,2971.557069,6.286016652,0,0.134788204,0.00072616
51153901506,VIRGINIA,VA,Prince William County,7010,7010,4057,1811,1870,3849,6995,1.527453791,1.11284212,4293,0.612410842,627,0.089443652,13,0.003377501,294,0.042030021,185,0.102153506,253,0.062361351,505,0.072039943,397,0.056633381,0.17025641,7.075037705,54.13087,0.179633357,6.843752222,601753.7969,4,0.002139037,0,0.085338884,0,0.83968763,3484.00807,8.18312398,0,0.074634245,0.000216958
51153901507,VIRGINIA,VA,Prince William County,2874,2874,1724,911,981,1827,2868,1.337062471,0.887023441,1366,0.475295755,343,0.119345859,55,0.030103996,223,0.077754533,30,0.032930845,63,0.036542923,290,0.100904662,209,0.072720946,0.171282051,7.072266393,54.06354,0.163339787,6.826187576,623076.4667,44,0.044852192,0,0.047969942,0.042961327,0.796963676,3303.357942,8.391445648,0,0.108473952,0.000333507
51153901508,VIRGINIA,VA,Prince William County,5770,5770,3609,1802,1854,3240,5770,1.592646376,1.034068978,3196,0.55389948,868,0.150433276,125,0.038580247,304,0.052686308,90,0.049944506,216,0.059850374,537,0.093067591,494,0.085615251,,7.030750546,53.67938,0.149238778,6.233590103,468447.3305,42,0.022653722,0,0.020263568,0,2.357783236,3068.288093,6.867800587,0,0.134351723,0.000834861
51153901509,VIRGINIA,VA,Prince William County,7727,7703,4800,2350,2396,4262,7726,0.887969894,0.654534469,2777,0.359389155,383,0.049720888,80,0.01877053,562,0.072741393,0,0,132,0.0275,324,0.041930892,669,0.086579526,0.178461538,6.959657377,54.03897,0.106952991,4.807985149,183782.0852,81,0.033806344,0,0,0.019714216,0.067519657,1049.469179,4.565510676,0,0.493007835,0.006516854
51153901510,VIRGINIA,VA,Prince William County,6476,6467,4145,2089,2132,3381,6418,0.813545163,0.719129357,2280,0.352069179,195,0.030153085,57,0.016858917,416,0.0648177,33,0.015797032,86,0.020747889,355,0.054817789,651,0.100525015,0.190769231,6.998020492,54.03059,0.124894709,5.064661754,335535.6132,0,0,0,0,0,0,1991.348808,5.951835481,0,0.161206047,0.000839015
51153901511,VIRGINIA,VA,Prince William County,4381,4381,3155,1699,1748,1584,4364,0.446319403,0.772676168,838,0.19128053,78,0.017804154,29,0.018308081,547,0.125343721,9,0.005297234,77,0.024405705,70,0.015978087,1470,0.335539831,0.175384615,6.993227049,54.23153,0.108891426,4.43262802,199647.0654,10,0.005720824,0,0,0,0.09689622,1330.829672,5.672076161,0,0.144061913,0.000863419
51153901601,VIRGINIA,VA,Prince William County,4688,4611,2903,1047,1159,1943,4646,2.948663911,1.97348098,3703,0.789889078,2018,0.4376491,82,0.042202779,419,0.090185105,32,0.030563515,695,0.239407509,458,0.097696246,629,0.134172355,0.191794872,7.2851,54.98499,0.169661101,25.20182499,857631.2688,16,0.013805004,0,0.564792941,0.270620022,1.414586791,3216.915637,5.00951769,0,0.094186767,0.000233224
51153901602,VIRGINIA,VA,Prince William County,8377,8308,5337,2617,2617,4882,8377,2.105561137,1.756371348,5775,0.689387609,1893,0.227852672,73,0.014952888,576,0.068759699,248,0.094764998,860,0.161139217,613,0.073176555,724,0.086427122,0.2,7.28524918,55.07397,0.195442558,23.28617087,928369.685,151,0.057699656,0,1.217278623,0.240638283,2.432157653,3460.985886,5.234291653,0,0.139295002,0.000500932
51153901702,VIRGINIA,VA,Prince William County,4641,4619,2691,1243,1285,2407,4593,2.551244908,3.059673823,3456,0.744667098,1558,0.337302446,292,0.121312838,510,0.111038537,225,0.181013677,944,0.350798959,254,0.054729584,361,0.07778496,0.226666667,7.319180328,55.21243,0.154791464,21.55549251,790502.577,141,0.109727626,0,0.305181372,0.247024691,0.465801107,2401.566183,4.23155093,0,0.083512295,0.000168783
51153901703,VIRGINIA,VA,Prince William County,2418,2405,1601,672,711,1364,2418,2.117310968,1.487397645,1651,0.682795699,568,0.236174636,0,0,134,0.055417701,0,0,399,0.249219238,93,0.038461538,235,0.097187758,0.185641026,7.290986612,54.88631,0.156700918,25.87427702,861200.6182,186,0.261603376,0,0.332388705,0.265225306,1.56277071,3021.68829,5.31143107,0,0.057276356,0.000144278
51153901704,VIRGINIA,VA,Prince William County,6582,6336,4311,1937,2126,3771,6581,2.93164024,3.133010845,5858,0.890003039,2309,0.364425505,257,0.068151684,593,0.090107886,617,0.318533815,1067,0.247506379,722,0.109693102,738,0.112123974,0.185641026,7.278997268,54.82831,0.177788097,29.43113879,872022.2329,177,0.083254939,0,0.439333507,0.275623941,7.353389459,3546.259768,5.647360407,0,0.061773873,0.000185371
51153901900,VIRGINIA,VA,Prince William County,7729,7729,4500,2317,2378,4300,7696,2.394357453,2.043732465,6023,0.779272868,2027,0.262259024,122,0.028372093,452,0.058731809,285,0.123003884,1036,0.230222222,735,0.09509639,573,0.07413637,0.191794872,7.341177869,55.40999,0.165069521,18.63466229,923239.3439,98,0.041211102,0,0.200458642,0.234924353,4.298004764,2035.376052,5.161822333,0,0.111571328,0.000545616
51153980100,VIRGINIA,VA,Prince William County,0,0,0,0,0,0,0,0,0.125407869,0,0,0,0,0,0,0,0,0,0,0,0,0,0,0,0,,7.034343443,53.42164,0.087736083,16.26577646,119074.4993,0,0,11.03523014,0,0.079956527,0.026339633,969.668348,2.257739782,,0.692957415,0.008754098
