ST,STATE,ST_ABBR,STCNTY,COUNTY,FIPS,LOCATION,SVI_statewide,AREA_SQMI,E_TOTPOP,M_TOTPOP,E_HU,M_HU,E_HH,M_HH,E_POV150,M_POV150,E_UNEMP,M_UNEMP,E_HBURD,M_HBURD,E_NOHSDP,M_NOHSDP,E_UNINSUR,M_UNINSUR,E_AGE65,M_AGE65,E_AGE17,M_AGE17,E_DISABL,M_DISABL,E_SNGPNT,M_SNGPNT,E_LIMENG,M_LIMENG,E_MINRTY,M_MINRTY,E_MUNIT,M_MUNIT,E_MOBILE,M_MOBILE,E_CROWD,M_CROWD,E_NOVEH,M_NOVEH,E_GROUPQ,M_GROUPQ,EP_POV150,MP_POV150,EP_UNEMP,MP_UNEMP,EP_HBURD,MP_HBURD,EP_NOHSDP,MP_NOHSDP,EP_UNINSUR,MP_UNINSUR,EP_AGE65,MP_AGE65,EP_AGE17,MP_AGE17,EP_DISABL,MP_DISABL,EP_SNGPNT,MP_SNGPNT,EP_LIMENG,MP_LIMENG,EP_MINRTY,MP_MINRTY,EP_MUNIT,MP_MUNIT,EP_MOBILE,MP_MOBILE,EP_CROWD,MP_CROWD,EP_NOVEH,MP_NOVEH,EP_GROUPQ,MP_GROUPQ,EPL_POV150,EPL_UNEMP,EPL_HBURD,EPL_NOHSDP,EPL_UNINSUR,SPL_THEME1,RPL_THEME1,EPL_AGE65,EPL_AGE17,EPL_DISABL,EPL_SNGPNT,EPL_LIMENG,SPL_THEME2,RPL_THEME2,EPL_MINRTY,SPL_THEME3,RPL_THEME3,EPL_MUNIT,EPL_MOBILE,EPL_CROWD,EPL_NOVEH,EPL_GROUPQ,SPL_THEME4,RPL_THEME4,SPL_THEMES,RPL_THEMES,F_POV150,F_UNEMP,F_HBURD,F_NOHSDP,F_UNINSUR,F_THEME1,F_AGE65,F_AGE17,F_DISABL,F_SNGPNT,F_LIMENG,F_THEME2,F_MINRTY,F_THEME3,F_MUNIT,F_MOBILE,F_CROWD,F_NOVEH,F_GROUPQ,F_THEME4,F_TOTAL,E_DAYPOP,E_NOINT,M_NOINT,E_AFAM,M_AFAM,E_HISP,M_HISP,E_ASIAN,M_ASIAN,E_AIAN,M_AIAN,E_NHPI,M_NHPI,E_TWOMORE,M_TWOMORE,E_OTHERRACE,M_OTHERRACE,EP_NOINT,MP_NOINT,EP_AFAM,MP_AFAM,EP_HISP,MP_HISP,EP_ASIAN,MP_ASIAN,EP_AIAN,MP_AIAN,EP_NHPI,MP_NHPI,EP_TWOMORE,MP_TWOMORE,EP_OTHERRACE,MP_OTHERRACE
51,Virginia,VA,51153,Prince William County,51153900100,Census Tract 9001; Prince William County; Virginia,0.1777,2.534004028,3234,442,1613,182,1559,185,102,64,11,18,181,79,123,64,200,185,968,208,382,138,303,103,12,23,117,96,1621,587,445,104,0,13,7,19,11,17,0,13,3.2,1.9,0.7,1.1,11.6,4.9,4.5,2.4,6.3,5.3,29.9,6.5,11.8,3.7,9.6,3.6,0.8,1.5,3.8,3.1,50.1,16.8,27.6,5.6,0,2.4,0.4,1.2,0.7,1.1,0,0.4,0.0782,0.0615,0.1568,0.2909,0.5002,1.0876,0.1083,0.9465,0.0802,0.3541,0.0786,0.8027,2.2621,0.352,0.686,0.686,0.686,0.835,0,0.3742,0.1221,0,1.3313,0.2114,5.367,0.1777,0,0,0,0,0,0,1,0,0,0,0,1,0,0,0,0,0,0,0,0,1,2029,83,63,502,178,566,222,273,128,0,13,0,13,113,72,167,180,5.3,4.1,15.5,5.3,17.5,6.8,8.4,4,0,1.2,0,1.2,3.5,2.2,5.2,5.5
51,Virginia,VA,51153,Prince William County,51153900201,Census Tract 9002.01; Prince William County; Virginia,0.8996,0.60346121,2441,456,1058,107,961,115,624,350,107,46,372,113,198,73,269,163,176,53,545,269,372,103,94,64,139,86,1884,506,393,102,0,13,67,56,11,18,5,8,25.6,13.5,6.7,2.8,38.7,10.8,13.4,4.4,11.2,6.2,7.2,2.4,22.3,8.3,15.4,4.7,9.7,6.6,5.9,3.5,77.2,14.9,37.1,8.9,0,3.7,7,5.2,1.1,1.9,0.2,0.3,0.7669,0.7946,0.87,0.7533,0.8035,3.9883,0.9199,0.1093,0.5666,0.7092,0.815,0.8801,3.0802,0.8511,0.9133,0.9133,0.9133,0.8946,0,0.9417,0.1809,0.5606,2.5778,0.6647,10.5596,0.8996,0,0,0,0,0,0,0,0,0,0,0,0,1,1,0,0,1,0,0,1,2,1700,37,34,564,244,1104,376,94,52,0,13,0,13,82,64,40,43,3.9,3.4,23.1,8.7,45.2,10.3,3.9,2.2,0,1.6,0,1.6,3.4,2.8,1.6,1.8
51,Virginia,VA,51153,Prince William County,51153900202,Census Tract 9002.02; Prince William County; Virginia,0.4794,0.772037976,4124,816,1266,164,1125,159,125,122,124,106,218,116,475,287,766,241,274,135,933,309,163,85,43,54,575,271,3015,1041,205,109,6,11,0,18,14,16,0,13,3,2.9,4.8,4,19.4,9.9,17.1,9.5,18.6,6,6.6,3,22.6,4.6,4,1.9,3.8,4.8,14.5,6.2,73.1,20.7,16.2,8.4,0.5,0.8,0,1.4,1.2,1.4,0,0.3,0.0722,0.6272,0.4186,0.8626,0.9538,2.9344,0.6354,0.0936,0.5897,0.0365,0.408,0.9793,2.1071,0.2604,0.8861,0.8861,0.8861,0.7332,0.558,0,0.1924,0,1.4836,0.2516,7.4112,0.4794,0,0,0,0,1,1,0,0,0,0,1,1,0,0,0,0,0,0,0,0,2,2896,25,21,575,502,2321,729,102,64,0,13,0,13,17,28,0,13,2.2,1.9,13.9,11.7,56.3,15.5,2.5,1.5,0,1,0,1,0.4,0.7,0,1
51,Virginia,VA,51153,Prince William County,51153900203,Census Tract 9002.03; Prince William County; Virginia,0.9014,0.414282813,4589,971,1616,251,1406,293,1056,488,95,67,483,160,532,225,831,307,264,117,1505,453,461,150,130,85,402,199,4081,996,988,267,0,13,119,84,11,17,6,4,23,9.5,4.2,3,34.4,8.8,19.1,8.4,18.2,7,5.8,2.8,32.8,4.3,10.1,3.5,9.2,5.7,9.7,4.3,88.9,10.8,61.1,13.5,0,2.4,8.5,5,0.8,1.2,0.1,0.1,0.716,0.5527,0.8085,0.8953,0.9496,3.9221,0.9065,0.071,0.9631,0.3893,0.7956,0.9479,3.1669,0.8881,0.9673,0.9673,0.9673,0.9524,0,0.9602,0.1392,0.4675,2.5193,0.6378,10.5756,0.9014,0,0,0,0,1,1,0,1,0,0,1,2,1,1,1,0,1,0,0,2,6,3031,68,67,2049,699,1355,432,346,312,0,13,0,13,311,255,20,32,4.8,5.2,44.7,10.3,29.5,9.1,7.5,7,0,0.9,0,0.9,6.8,4.7,0.4,0.7
51,Virginia,VA,51153,Prince William County,51153900301,Census Tract 9003.01; Prince William County; Virginia,0.7464,0.662597364,3494,398,1610,141,1503,155,732,398,191,101,414,131,276,212,316,114,311,109,672,196,465,144,119,69,273,225,1944,475,362,127,0,13,19,21,83,54,0,13,21,11.1,9.2,4.7,27.5,8.2,10.9,7.8,9.1,3.6,8.9,3.1,19.2,4.1,13.4,4.5,8,4.5,8.2,6.7,55.6,12,22.4,7.6,0,2.5,1.3,1.3,5.5,3.5,0,0.4,0.6748,0.8996,0.6721,0.6561,0.7074,3.61,0.8376,0.16,0.3647,0.5932,0.7336,0.9262,2.7777,0.698,0.7395,0.7395,0.7395,0.8003,0,0.5412,0.6115,0,1.953,0.4098,9.0802,0.7464,0,0,0,0,0,0,0,0,0,0,1,1,0,0,0,0,0,0,0,0,1,3633,133,101,634,284,658,394,528,214,0,13,0,13,124,78,0,13,8.8,6.4,18.1,7.9,18.8,10.3,15.1,6,0,1.1,0,1.1,3.5,2.3,0,1.1
51,Virginia,VA,51153,Prince William County,51153900302,Census Tract 9003.02; Prince William County; Virginia,0.7987,1.444758549,5463,729,2330,259,2227,277,1225,648,28,40,601,244,651,351,607,386,353,142,1259,332,523,169,267,160,454,242,3811,870,452,188,132,152,94,81,32,46,0,19,22.8,11.7,0.9,1.2,27,10.4,17.2,8.3,11.5,6.6,6.5,2.7,23,4.4,9.9,3.6,12,7,8.7,4.5,69.8,12.9,19.4,7.8,5.7,6.3,4.2,3.4,1.4,2.1,0,0.3,0.7118,0.0786,0.6573,0.8663,0.8128,3.1268,0.6913,0.0904,0.6095,0.3759,0.8839,0.9359,2.8956,0.7636,0.8668,0.8668,0.8668,0.7684,0.7638,0.8562,0.2211,0,2.6095,0.679,9.4987,0.7987,0,0,0,0,0,0,0,0,0,0,1,1,0,0,0,0,0,0,0,0,1,3032,43,67,1235,285,1732,641,524,211,8,14,0,19,294,171,18,31,1.9,3.1,22.6,5.1,31.7,9.2,9.6,4.1,0.1,0.3,0,0.7,5.4,3.3,0.3,0.6
51,Virginia,VA,51153,Prince William County,51153900403,Census Tract 9004.03; Prince William County; Virginia,0.845,2.929255101,6107,791,2012,232,1950,233,1212,705,176,98,616,184,625,279,429,220,769,169,1751,380,631,161,30,44,668,266,4596,886,410,101,0,19,65,66,111,54,28,4,19.9,11.3,5.4,3,31.6,8.6,15.2,6.8,7,3.5,12.6,2.7,28.7,3.7,10.4,2.4,1.5,2.2,12.5,4.7,75.3,10.7,20.4,4.4,0,2,3.3,3.3,5.7,2.8,0.5,0,0.648,0.6957,0.7655,0.8147,0.5539,3.4778,0.7955,0.3209,0.8889,0.4101,0.1448,0.97,2.7347,0.6698,0.8953,0.8953,0.8953,0.7804,0,0.7932,0.6235,0.6888,2.8859,0.7798,9.9937,0.845,0,0,0,0,0,0,0,0,0,0,1,1,0,0,0,0,0,0,0,0,1,22639,70,50,833,333,2323,703,1183,665,17,20,0,19,216,146,24,37,3.6,2.5,13.6,5.5,38,10.3,19.4,10.2,0.3,0.3,0,0.7,3.5,2.5,0.4,0.6
51,Virginia,VA,51153,Prince William County,51153900404,Census Tract 9004.04; Prince William County; Virginia,0.894,1.053765795,5702,561,1808,153,1744,149,1513,519,263,135,566,181,820,209,1341,377,462,118,1607,244,460,126,214,109,704,250,4848,620,130,117,0,19,68,64,12,15,4,3,26.6,8.7,9,4.8,32.5,10,21.9,5.5,23.7,6,8.1,2.1,28.2,3.4,8.1,2.4,12.3,6.2,13,4.5,85,6.9,7.2,6.4,0,2.2,3.9,3.5,0.7,0.9,0.1,0.1,0.7863,0.8932,0.7798,0.9378,0.9834,4.3805,0.9718,0.136,0.8737,0.251,0.8899,0.9723,3.1229,0.8677,0.9525,0.9525,0.9525,0.583,0,0.8353,0.1221,0.4675,2.0079,0.432,10.4638,0.894,0,0,0,1,1,2,0,0,0,0,1,1,1,1,0,0,0,0,0,0,4,3457,77,60,1015,332,3013,537,437,210,46,65,0,19,324,178,13,23,4.4,3.4,17.8,5.5,52.8,6.7,7.7,3.8,0.8,1.2,0,0.7,5.7,3.1,0.2,0.4
51,Virginia,VA,51153,Prince William County,51153900407,Census Tract 9004.07; Prince William County; Virginia,0.8237,0.786771242,7089,868,2390,231,2256,268,1190,443,281,144,789,278,645,256,935,260,619,202,1870,299,612,259,144,90,427,199,5836,974,933,247,0,19,266,87,33,47,0,19,16.8,5.9,6.9,3.7,35,11.6,14.7,4.9,13.4,3.6,8.7,2.7,26.4,3.1,8.8,3.2,6.3,3.9,6.7,3,82.3,9.3,39.1,9.6,0,1.7,11.8,3.5,1.5,2.1,0,0.3,0.5661,0.8071,0.8187,0.7994,0.8756,3.8669,0.8982,0.1544,0.8054,0.2968,0.6258,0.899,2.7814,0.6989,0.9414,0.9414,0.9414,0.9048,0,0.9847,0.2354,0,2.1249,0.4838,9.7146,0.8237,0,0,0,0,0,0,0,0,0,0,0,0,1,1,1,0,1,0,0,2,3,2911,58,47,1990,591,2374,568,857,345,26,39,0,19,589,354,0,19,2.6,2.1,28.1,7.2,33.5,6.7,12.1,4.6,0.4,0.6,0,0.6,8.3,5.1,0,0.6
51,Virginia,VA,51153,Prince William County,51153900408,Census Tract 9004.08; Prince William County; Virginia,0.391,0.749981899,5334,964,1595,244,1534,240,312,144,96,70,205,89,333,140,644,252,371,60,1688,487,435,149,55,44,235,198,3599,1094,0,26,0,19,203,160,25,33,0,19,5.8,2.5,3.4,2.5,13.4,5.4,10.1,4.3,12.1,3.8,7,1.7,31.6,4.9,8.2,2.1,3.6,2.8,5.1,4.2,67.5,16.5,0,1.6,0,2.5,13.2,9.8,1.6,2.2,0,0.4,0.1772,0.4431,0.2054,0.6192,0.8382,2.2831,0.4276,0.1042,0.9502,0.258,0.3779,0.8566,2.5469,0.55,0.8525,0.8525,0.8525,0,0,0.9903,0.2502,0,1.2405,0.1901,6.923,0.391,0,0,0,0,0,0,0,1,0,0,0,1,0,0,0,0,1,0,0,1,2,1286,42,40,1430,421,1356,782,510,232,6,9,0,19,282,219,15,23,2.7,2.8,26.8,7.7,25.4,11.4,9.6,4.6,0.1,0.2,0,0.7,5.3,4.2,0.3,0.4
51,Virginia,VA,51153,Prince William County,51153900409,Census Tract 9004.09; Prince William County; Virginia,0.3994,0.805610317,5003,667,1603,149,1579,151,371,246,74,63,303,148,807,323,697,317,609,144,986,227,522,151,42,41,414,199,4293,721,0,26,0,19,22,40,36,36,0,19,7.5,4.8,2.5,2.1,19.2,9.2,23.5,7.9,14,5.7,12.2,2.9,19.7,3.2,10.5,3.1,2.7,2.6,8.5,3.9,85.8,8.8,0,1.6,0,2.5,1.4,2.5,2.3,2.3,0,0.4,0.2364,0.3062,0.4117,0.9553,0.8877,2.7973,0.5932,0.3038,0.3997,0.4147,0.2886,0.9318,2.3386,0.4089,0.9562,0.9562,0.9562,0,0,0.5634,0.3293,0,0.8927,0.1073,6.9848,0.3994,0,0,0,1,0,1,0,0,0,0,1,1,1,1,0,0,0,0,0,0,3,2625,69,77,1391,473,1968,424,659,290,0,19,0,19,266,162,9,22,4.4,4.8,27.8,7.7,39.3,5.8,13.2,5.6,0,0.8,0,0.8,5.3,3.5,0.2,0.4
51,Virginia,VA,51153,Prince William County,51153900410,Census Tract 9004.10; Prince William County; Virginia,0.8029,1.673744448,5891,812,2214,292,2078,309,878,384,178,108,569,180,252,105,931,405,229,107,1541,410,304,129,355,225,137,112,5197,841,1209,357,72,113,155,102,21,22,0,19,14.9,6.2,5,2.9,27.4,7.6,6.8,2.8,15.9,6.6,3.9,1.9,26.2,5.2,5.2,2.2,17.1,10.5,2.6,2.1,88.2,7.5,54.7,14.4,3.3,5,7.5,4.5,1,1.1,0,0.3,0.5083,0.6531,0.6688,0.4472,0.9228,3.2002,0.714,0.0323,0.7962,0.0749,0.9565,0.7308,2.5907,0.5759,0.9654,0.9654,0.9654,0.9445,0.7143,0.9491,0.1721,0,2.78,0.7428,9.5363,0.8029,0,0,0,0,1,1,0,0,0,1,0,1,1,1,1,0,1,0,0,2,5,4600,65,55,3463,748,561,282,679,279,0,19,0,19,482,286,12,18,3.1,2.7,58.8,8.3,9.5,4.6,11.5,4.7,0,0.7,0,0.7,8.2,4.7,0.2,0.3
51,Virginia,VA,51153,Prince William County,51153900502,Census Tract 9005.02; Prince William County; Virginia,0.5664,0.824937811,5112,713,2130,188,2041,205,275,148,164,119,556,182,162,116,242,146,445,129,1210,370,292,122,52,66,91,102,3555,855,811,195,0,19,62,51,73,84,130,4,5.7,3,5.4,3.5,27.2,8.5,4.6,3.2,5.1,2.8,8.7,2.8,23.7,4.8,6.2,2.6,2.5,3.2,1.9,2.1,69.5,13.6,38.1,8.5,0,1.9,3,2.4,3.6,3.9,2.5,0.4,0.1716,0.6957,0.6656,0.3011,0.3925,2.2265,0.4081,0.1544,0.6542,0.1336,0.259,0.6574,1.8586,0.1503,0.8645,0.8645,0.8645,0.8988,0,0.7613,0.4565,0.8363,2.9529,0.7983,7.9025,0.5664,0,0,0,0,0,0,0,0,0,0,0,0,0,0,0,0,0,0,0,0,0,6509,20,31,2260,509,767,326,386,199,3,5,0,19,139,100,0,19,1,1.5,44.2,7.2,15,5.9,7.6,4,0.1,0.1,0,0.8,2.7,2,0,0.8
51,Virginia,VA,51153,Prince William County,51153900503,Census Tract 9005.03; Prince William County; Virginia,0.7894,0.729220037,3823,674,1275,174,1229,175,571,385,175,158,293,124,485,232,543,256,346,141,1025,358,258,170,69,65,408,262,3296,693,519,138,0,13,84,83,9,14,0,13,15.6,10.2,7.6,6.3,23.8,9.5,20.9,8.4,14.3,5.9,9.1,3.7,26.8,5.6,6.8,4.6,5.6,5.2,11.8,7.2,86.2,9.9,40.7,9.3,0,3.1,6.8,6.4,0.7,1.2,0,0.3,0.531,0.8437,0.5726,0.9258,0.8969,3.77,0.8755,0.1701,0.8253,0.1641,0.58,0.9677,2.7072,0.6512,0.9594,0.9594,0.9594,0.9117,0,0.9389,0.1221,0,1.9727,0.4181,9.4093,0.7894,0,0,0,1,0,1,0,0,0,0,1,1,1,1,1,0,1,0,0,2,5,5846,53,44,686,282,1995,682,519,265,0,13,0,13,96,105,0,13,4.3,3.7,17.9,7.8,52.2,11.4,13.6,6.8,0,1,0,1,2.5,2.7,0,1
51,Virginia,VA,51153,Prince William County,51153900504,Census Tract 9005.04; Prince William County; Virginia,0.9903,0.759519777,5079,1484,1546,288,1385,286,1954,1419,509,468,577,222,690,280,1278,659,564,154,1607,750,640,304,118,88,566,335,4384,1511,329,128,261,157,89,75,46,50,0,19,38.6,25.7,19.2,13.8,41.7,13.5,23.7,9.4,25.2,8.5,11.1,4.2,31.6,6.9,12.6,5.9,8.5,6.1,11.7,6,86.3,15.8,21.3,7.3,16.9,9.8,6.4,4.7,3.3,3.8,0,0.4,0.9246,0.9889,0.9015,0.9557,0.9871,4.7578,0.9981,0.2499,0.9502,0.5423,0.7599,0.9663,3.4686,0.9611,0.9599,0.9599,0.9599,0.792,0.8951,0.932,0.4251,0,3.0442,0.8228,12.2305,0.9903,1,1,1,1,1,5,0,1,0,0,1,2,1,1,0,0,1,0,0,1,9,2518,179,145,558,174,3571,1509,191,223,9,15,0,19,55,65,0,19,12.9,9.7,11,5,70.3,10.5,3.8,4.5,0.2,0.3,0,0.8,1.1,1.4,0,0.8
51,Virginia,VA,51153,Prince William County,51153900601,Census Tract 9006.01; Prince William County; Virginia,0.9042,0.621596035,3620,285,977,80,973,80,1376,412,69,83,342,185,500,140,1036,263,321,65,1147,206,380,121,171,110,309,148,2831,413,30,52,0,13,94,69,62,65,1,2,40.9,11.2,3.5,4.2,35.1,18.8,22.5,6.1,28.6,6.8,8.9,1.7,31.7,4.1,10.5,3.4,17.6,11.2,9.6,4.5,78.2,9.6,3.1,5.3,0,4,9.7,7,6.4,7,0,0.1,0.9403,0.4607,0.8219,0.9447,0.9931,4.1607,0.9394,0.16,0.9521,0.4147,0.9602,0.9461,3.4331,0.9547,0.9189,0.9189,0.9189,0.4595,0,0.9732,0.6577,0,2.0904,0.4732,10.6031,0.9042,1,0,0,1,1,3,0,1,0,1,1,3,1,1,0,0,1,0,0,1,8,2772,112,87,500,309,1378,543,810,437,22,26,0,13,121,114,0,13,11.5,8.9,13.8,9.2,38.1,14.1,22.4,12.1,0.6,0.7,0,1.1,3.3,3.2,0,1.1
51,Virginia,VA,51153,Prince William County,51153900602,Census Tract 9006.02; Prince William County; Virginia,0.888,0.440152805,3586,660,1459,200,1350,224,1027,522,73,93,729,260,257,174,698,400,194,119,815,227,196,115,54,80,342,200,3081,689,883,241,137,135,104,96,79,77,0,13,28.6,13.6,3.2,3.9,54,17,14,8.8,20,10.5,5.4,3.3,22.7,4.7,5.6,3.2,4,5.9,10.3,5.7,85.9,10.9,60.6,14.3,9.4,9.2,7.7,6.5,5.9,5.7,0,0.4,0.8173,0.4135,0.9815,0.775,0.9635,3.9508,0.913,0.0618,0.5934,0.0994,0.4237,0.9557,2.134,0.2771,0.9576,0.9576,0.9576,0.9515,0.8114,0.9519,0.6341,0,3.3489,0.9103,10.3913,0.888,0,0,1,0,1,2,0,0,0,0,1,1,1,1,1,0,1,0,0,2,6,1995,32,41,1344,430,1327,481,360,298,50,53,0,13,0,13,0,13,2.4,3,37.5,9.6,37,11.8,10,7.8,1.4,1.5,0,1.1,0,1.1,0,1.1
51,Virginia,VA,51153,Prince William County,51153900701,Census Tract 9007.01; Prince William County; Virginia,0.8348,1.044075021,7048,1347,2948,289,2530,452,1421,938,260,174,669,309,218,187,853,480,475,218,1510,666,521,282,379,294,58,88,6079,1421,871,289,40,56,67,78,131,151,26,3,20.2,12.8,6.1,4.2,26.4,11.3,4.5,4,12.2,7.4,6.7,3.4,21.4,6.6,7.5,4,15,11.3,0.9,1.3,86.3,11.6,29.6,9.4,1.4,1.9,2.7,2.6,5.2,6,0.4,0.1,0.6536,0.7576,0.6438,0.2909,0.841,3.1869,0.7103,0.0959,0.5118,0.2062,0.9302,0.5007,2.2448,0.3409,0.9599,0.9599,0.9599,0.8493,0.6311,0.7322,0.5907,0.6616,3.4649,0.9297,9.8565,0.8348,0,0,0,0,0,0,0,0,0,1,0,1,1,1,0,0,0,0,0,0,2,3940,63,67,3921,990,572,365,1238,903,0,19,0,19,348,210,0,19,2.5,2.6,55.6,11.9,8.1,4.5,17.6,11.9,0,0.6,0,0.6,4.9,2.9,0,0.6
51,Virginia,VA,51153,Prince William County,51153900702,Census Tract 9007.02; Prince William County; Virginia,0.7145,1.687458019,8311,1345,2435,267,2318,303,1007,753,503,369,390,196,743,260,1443,698,560,204,1972,702,983,367,67,60,545,284,6806,1415,382,189,0,19,60,67,122,138,0,19,12.2,8.9,10,7.4,16.8,8.2,14.2,5.2,17.5,8.4,6.7,2.7,23.7,6.2,11.9,3.8,2.9,2.6,6.9,3.5,81.9,10.7,15.7,7.6,0,1.6,2.6,2.7,5.3,6.1,0,0.2,0.4191,0.9177,0.321,0.7819,0.9441,3.3838,0.7714,0.0959,0.6542,0.5012,0.309,0.9018,2.4621,0.487,0.9391,0.9391,0.9391,0.7277,0,0.7239,0.5953,0,2.0469,0.45,8.8319,0.7145,0,1,0,0,1,2,0,0,0,0,1,1,1,1,0,0,0,0,0,0,4,5091,30,33,1530,431,3755,1179,604,314,0,19,63,92,854,366,0,19,1.3,1.5,18.4,5.5,45.2,9.1,7.3,3.7,0,0.5,0.8,1.1,10.3,4.3,0,0.5
51,Virginia,VA,51153,Prince William County,51153900801,Census Tract 9008.01; Prince William County; Virginia,0.2295,2.807349186,7017,632,2272,233,2272,233,200,164,271,250,64,63,237,140,493,496,726,244,1710,248,654,251,76,50,83,88,5061,747,0,26,0,19,6,21,6,13,5,5,2.9,2.3,6.5,5.5,2.8,2.8,5.2,2.8,7.1,6.7,10.3,3.3,24.4,3.8,9.5,3.6,3.4,2.2,1.3,1.3,72.1,8.4,0,1.1,0,1.7,0.3,0.9,0.3,0.6,0.1,0.1,0.0675,0.7817,0.0083,0.3416,0.5622,1.7613,0.28,0.2158,0.6966,0.3486,0.3585,0.5731,2.1926,0.3127,0.8824,0.8824,0.8824,0,0,0.3557,0.0842,0.4675,0.9074,0.1101,5.7437,0.2295,0,0,0,0,0,0,0,0,0,0,0,0,0,0,0,0,0,0,0,0,0,3068,43,44,3253,352,795,531,629,158,0,19,0,19,362,184,22,37,1.9,2,46.4,5.9,11.3,7,9,2.3,0,0.6,0,0.6,5.2,2.7,0.3,0.5
51,Virginia,VA,51153,Prince William County,51153900803,Census Tract 9008.03; Prince William County; Virginia,0.8288,0.5259327,5718,777,2253,206,2104,236,1062,382,175,100,593,217,344,273,666,361,319,176,1704,368,669,220,341,164,403,240,4470,883,565,188,0,19,142,116,56,51,0,19,18.6,6.2,5.4,3,28.2,9.8,9.3,6.8,11.8,5.7,5.6,3.2,29.8,5.3,11.9,4,16.2,7.6,7.5,4.3,78.2,11.2,25.1,8,0,1.8,6.7,5.1,2.7,2.5,0,0.3,0.611,0.6957,0.6883,0.5786,0.8289,3.4025,0.7765,0.0678,0.9207,0.5012,0.9459,0.9133,3.3489,0.9408,0.9189,0.9189,0.9189,0.8202,0,0.9385,0.3636,0,2.1223,0.4833,9.7926,0.8288,0,0,0,0,0,0,0,1,0,1,1,3,1,1,0,0,1,0,0,1,5,1723,119,105,2421,604,1002,336,805,337,74,100,0,19,168,113,0,19,5.7,5,42.3,9.3,17.5,5.4,14.1,5.3,1.3,1.8,0,0.7,2.9,2,0,0.7
51,Virginia,VA,51153,Prince William County,51153900804,Census Tract 9008.04; Prince William County; Virginia,0.5571,2.117127382,5694,693,1866,230,1866,230,296,223,178,141,429,263,233,130,394,240,366,147,1792,495,456,211,166,172,176,124,4286,867,239,125,0,19,13,29,98,73,0,19,5.2,3.9,5.2,3.9,23,13.8,6.5,3.6,7.1,4.2,6.4,2.8,31.5,6.7,8.2,3.8,8.9,9.2,3.4,2.4,75.3,12.2,12.8,6.5,0,2.1,0.7,1.6,5.3,3.7,0,0.3,0.1559,0.6795,0.55,0.4315,0.5622,2.3791,0.4595,0.0876,0.9493,0.258,0.7817,0.7833,2.8599,0.7428,0.8953,0.8953,0.8953,0.6879,0,0.4283,0.5953,0,1.7115,0.3252,7.8458,0.5571,0,0,0,0,0,0,0,1,0,0,0,1,0,0,0,0,0,0,0,0,1,2084,16,26,3296,812,823,430,111,126,0,19,0,19,56,63,0,19,0.9,1.4,57.9,11,14.5,7.7,1.9,2.2,0,0.7,0,0.7,1,1.1,0,0.7
51,Virginia,VA,51153,Prince William County,51153900901,Census Tract 9009.01; Prince William County; Virginia,0.9403,1.257179772,6033,587,2097,193,1941,184,1448,537,159,86,547,166,744,226,951,339,453,103,1734,296,438,153,305,116,233,175,4585,791,213,101,91,84,92,78,86,60,11,3,24,8.6,4.7,2.5,28.2,8.1,21,6.1,16.1,6,7.5,1.6,28.7,4.2,7.4,2.5,15.7,5.8,4.1,3,76,10.8,10.2,4.7,4.3,3.9,4.7,3.7,4.4,3,0.2,0,0.7373,0.6133,0.6883,0.9272,0.9256,3.8917,0.9024,0.1199,0.8889,0.1988,0.9385,0.8188,2.9649,0.8011,0.9023,0.9023,0.9023,0.6468,0.736,0.8747,0.5245,0.5606,3.3426,0.908,11.1015,0.9403,0,0,0,1,1,2,0,0,0,1,0,1,1,1,0,0,0,0,0,0,4,2760,79,58,1786,423,2209,383,63,49,0,19,0,19,476,402,51,64,4.1,2.9,29.6,6.7,36.6,6.3,1,0.8,0,0.7,0,0.7,7.9,6.5,0.8,1.1
51,Virginia,VA,51153,Prince William County,51153900904,Census Tract 9009.04; Prince William County; Virginia,0.3572,4.183771156,6634,774,1883,166,1768,179,374,266,166,94,145,74,181,106,275,124,327,152,2119,414,345,142,125,80,145,91,5073,868,0,26,13,22,57,51,0,19,6,3,5.7,4,4.6,2.5,8.2,4.1,4.5,2.6,4.2,1.8,4.9,2.2,31.9,4,5.2,2.1,7.1,4.5,2.3,1.4,76.5,9.6,0,1.4,0.7,1.2,3.2,2.7,0,2.2,0.1,0,0.1716,0.6022,0.0782,0.2909,0.3065,1.4494,0.1902,0.0526,0.9539,0.0749,0.6809,0.7095,2.4718,0.4949,0.9078,0.9078,0.9078,0,0.5784,0.7863,0,0.4675,1.8322,0.3691,6.6612,0.3572,0,0,0,0,0,0,0,1,0,0,0,1,1,1,0,0,0,0,0,0,2,3933,120,74,2487,570,703,297,1689,647,0,19,0,19,167,115,27,33,6.8,4.2,37.5,7.5,10.6,4.8,25.5,8.5,0,0.6,0,0.6,2.5,1.7,0.4,0.5
51,Virginia,VA,51153,Prince William County,51153900905,Census Tract 9009.05; Prince William County; Virginia,0.6881,1.954217435,6152,974,1929,202,1831,209,686,420,339,195,348,124,285,126,747,384,675,199,1631,425,822,395,90,59,93,95,4527,1057,159,87,0,19,36,44,15,23,11,2,11.2,6.6,10.9,5.8,19,6.4,7,2.9,12.3,6.2,11,3.2,26.5,4.3,13.5,5.4,4.9,3.2,1.6,1.7,73.6,12.6,8.2,4.4,0,2,2,2.3,0.8,1.2,0.2,0,0.3784,0.9376,0.4047,0.4624,0.8437,3.0268,0.6636,0.2457,0.8128,0.5973,0.518,0.6196,2.7934,0.7044,0.887,0.887,0.887,0.6043,0,0.6531,0.1392,0.5606,1.9572,0.4126,8.6644,0.6881,0,1,0,0,0,1,0,0,0,0,0,0,0,0,0,0,0,0,0,0,1,3937,74,61,2822,902,1092,319,342,122,0,19,0,19,221,139,50,56,4,3.3,45.9,9,17.8,5.4,5.6,2.1,0,0.6,0,0.6,3.6,2.3,0.8,0.9
51,Virginia,VA,51153,Prince William County,51153901005,Census Tract 9010.05; Prince William County; Virginia,0.056,1.969812095,6623,715,1901,203,1901,203,221,132,150,82,100,63,107,66,173,94,280,104,2002,417,352,105,41,31,118,99,2944,862,0,26,0,19,24,34,16,25,0,19,3.3,2,4.1,2.2,5.3,3.3,2.5,1.5,2.6,1.5,4.2,1.6,30.2,4.3,5.4,1.7,2.1,1.6,1.9,1.6,44.5,12.1,0,1.4,0,2.1,1.3,1.8,0.8,1.3,0,0.3,0.0842,0.5379,0.0301,0.1591,0.1646,0.9759,0.0893,0.0383,0.9299,0.0883,0.2105,0.6574,1.9244,0.1758,0.6146,0.6146,0.6146,0,0,0.5412,0.1392,0,0.6804,0.0712,4.1953,0.056,0,0,0,0,0,0,0,1,0,0,0,1,0,0,0,0,0,0,0,0,1,2996,17,26,1075,250,1074,614,601,231,0,19,0,19,177,123,17,28,0.9,1.3,16.2,3.8,16.2,8.2,9.1,3.7,0,0.6,0,0.6,2.7,1.9,0.3,0.4
51,Virginia,VA,51153,Prince William County,51153901009,Census Tract 9010.09; Prince William County; Virginia,0.0694,1.717811041,7436,721,2239,147,2239,147,439,395,75,64,262,123,206,117,69,73,790,129,2335,394,662,209,95,83,113,121,3396,952,0,26,0,19,0,26,34,41,0,19,5.9,5.3,2.3,1.9,11.7,5.4,4.6,2.6,1,1,10.6,1.9,31.4,3.3,9.1,2.8,4.2,3.7,1.6,1.7,45.7,12,0,1.2,0,1.8,0,1.2,1.5,1.8,0,0.3,0.1836,0.2761,0.1591,0.3011,0.0379,0.9578,0.0861,0.2305,0.9479,0.3209,0.444,0.6196,2.5629,0.5587,0.6325,0.6325,0.6325,0,0,0,0.2354,0,0.2354,0.0222,4.3886,0.0694,0,0,0,0,0,0,0,1,0,0,0,1,0,0,0,0,0,0,0,0,1,2592,14,22,1226,516,699,187,611,401,93,88,28,42,739,398,0,19,0.6,1,16.5,6.9,9.4,2.4,8.2,5.2,1.3,1.2,0.4,0.6,9.9,5.2,0,0.5
51,Virginia,VA,51153,Prince William County,51153901010,Census Tract 9010.10; Prince William County; Virginia,0.162,1.065063139,4906,835,1467,209,1401,191,65,63,152,143,108,57,54,55,446,203,535,139,1341,323,438,175,123,61,8,53,2028,1108,0,18,0,13,0,18,9,13,5,3,1.3,1.3,5.8,4.9,7.7,3.9,1.7,1.8,9.2,4.6,10.9,3.2,27.3,3.9,9,3.2,8.8,4.2,0.2,1.2,41.3,21.5,0,1.2,0,2.7,0,1.2,0.6,0.9,0.1,0.1,0.0153,0.7327,0.0694,0.101,0.7115,1.6299,0.2416,0.2425,0.8423,0.3121,0.7752,0.3043,2.4764,0.5005,0.5689,0.5689,0.5689,0,0,0,0.1068,0.4675,0.5743,0.0555,5.2495,0.162,0,0,0,0,0,0,0,0,0,0,0,0,0,0,0,0,0,0,0,0,0,4682,25,21,858,252,647,154,210,103,0,13,0,13,290,172,23,36,1.8,1.5,17.5,5,13.2,3.3,4.3,2.2,0,0.8,0,0.8,5.9,3.3,0.5,0.7
51,Virginia,VA,51153,Prince William County,51153901011,Census Tract 9010.11; Prince William County; Virginia,0.2652,1.491090789,6257,660,1958,187,1889,199,574,306,198,83,208,91,223,112,288,155,526,120,1448,231,527,163,126,68,214,110,3862,730,0,26,0,19,43,41,16,19,0,19,9.2,4.8,5.8,2.3,11,4.7,5.3,2.7,4.7,2.6,8.4,2,23.1,2.7,8.6,2.4,6.7,3.5,3.7,1.9,61.7,9.7,0,1.3,0,2,2.3,2.1,0.8,1,0,0.3,0.2965,0.7327,0.1401,0.3495,0.3495,1.8683,0.31,0.1438,0.6173,0.2843,0.6522,0.7976,2.4952,0.5143,0.8091,0.8091,0.8091,0,0,0.6896,0.1392,0,0.8288,0.093,6.0014,0.2652,0,0,0,0,0,0,0,0,0,0,0,0,0,0,0,0,0,0,0,0,0,2678,58,57,1839,583,915,370,785,235,0,19,0,19,289,157,34,38,3.1,3,29.4,7.2,14.6,5.6,12.5,4.1,0,0.6,0,0.6,4.6,2.5,0.5,0.6
51,Virginia,VA,51153,Prince William County,51153901012,Census Tract 9010.12; Prince William County; Virginia,0.3443,1.731494496,3484,405,1703,145,1634,157,501,282,46,34,352,111,193,132,58,46,1513,258,504,168,632,235,38,36,82,105,1242,526,146,65,0,13,0,18,10,15,4,2,14.6,8.1,3.3,2.4,21.5,6.5,6.9,4.7,1.7,1.3,43.4,6.1,14.5,3.9,18.3,5.8,2.3,2.2,2.5,3.2,35.6,14.5,8.6,3.7,0,2.3,0,1.1,0.6,0.9,0.1,0.1,0.4995,0.4278,0.4907,0.4532,0.0869,1.9581,0.3383,0.9935,0.1521,0.8248,0.2336,0.7243,2.9283,0.7835,0.4929,0.4929,0.4929,0.6158,0,0,0.1068,0.4675,1.1901,0.1762,6.5694,0.3443,0,0,0,0,0,0,1,0,0,0,0,1,0,0,0,0,0,0,0,0,1,1781,28,25,501,357,374,189,78,59,0,13,0,13,231,122,58,88,1.7,1.6,14.4,9.5,10.7,5.3,2.2,1.7,0,1.1,0,1.1,6.6,3.6,1.7,2.5
51,Virginia,VA,51153,Prince William County,51153901013,Census Tract 9010.13; Prince William County; Virginia,0.6687,0.96177236,3349,546,1160,154,1120,162,745,508,29,33,323,159,236,134,192,141,193,106,989,251,257,147,182,113,94,104,2604,734,0,18,146,122,31,47,36,44,0,13,22.2,14.7,1.7,1.9,28.8,13.6,11,5.8,5.8,4.2,5.8,3.2,29.5,5.3,7.7,4.4,16.2,9.8,3,3.3,77.8,17.9,0,1.6,12.6,10.3,2.8,4,3.2,3.8,0,0.4,0.7021,0.179,0.7068,0.6611,0.4628,2.7118,0.5641,0.071,0.9152,0.221,0.9459,0.7603,2.9134,0.7747,0.9166,0.9166,0.9166,0,0.8456,0.7461,0.4149,0,2.0066,0.4315,8.5484,0.6687,0,0,0,0,0,0,0,1,0,1,0,2,1,1,0,0,0,0,0,0,3,11938,26,42,1304,353,1159,511,87,100,0,13,12,26,42,73,0,13,2.3,3.7,38.9,8.4,34.6,13.9,2.6,3,0,1.2,0.4,0.8,1.3,2.2,0,1.2
51,Virginia,VA,51153,Prince William County,51153901014,Census Tract 9010.14; Prince William County; Virginia,0.7658,19.8921623,4983,1092,1469,188,1413,165,496,245,242,145,286,135,363,220,523,254,446,104,1182,445,491,184,71,68,346,143,3489,1160,91,74,0,13,49,40,62,71,21,2,10,4.4,9.3,5.5,20.2,9.3,11.7,6.2,10.6,5.4,9,3,23.7,5,9.9,4.6,5,4.8,7.6,2.7,70,17.5,6.2,5,0,2.7,3.5,2.7,4.4,5,0.4,0.1,0.3321,0.9033,0.451,0.6962,0.7827,3.1653,0.7029,0.1651,0.6542,0.3759,0.5287,0.9161,2.64,0.6078,0.8686,0.8686,0.8686,0.5557,0,0.808,0.5245,0.6616,2.5498,0.648,9.2237,0.7658,0,1,0,0,0,1,0,0,0,0,1,1,0,0,0,0,0,0,0,0,2,13075,142,90,1061,511,955,573,1184,838,0,13,0,13,281,199,8,13,10,6.5,21.3,10.4,19.2,11,23.8,13.5,0,0.8,0,0.8,5.6,4.3,0.2,0.3
51,Virginia,VA,51153,Prince William County,51153901015,Census Tract 9010.15; Prince William County; Virginia,0.7862,0.535323473,3561,330,1200,166,1200,166,563,218,117,101,461,225,158,114,233,143,109,68,1122,179,169,108,183,88,172,123,3222,367,488,127,0,13,98,85,0,13,6,7,15.9,6,5.7,4.9,38.4,18,7.5,5.4,6.6,4,3.1,1.9,31.5,4,4.8,3,15.3,7,5.5,3.9,90.5,6,40.7,9,0,3.3,8.2,7,0,3.3,0.2,0.2,0.5421,0.7225,0.864,0.4915,0.5247,3.1448,0.6974,0.0263,0.9493,0.061,0.932,0.8704,2.839,0.7313,0.9733,0.9733,0.9733,0.9117,0,0.957,0,0.5606,2.4293,0.605,9.3864,0.7862,0,0,0,0,0,0,0,1,0,1,0,2,1,1,1,0,1,0,0,2,5,1077,58,60,2429,415,538,146,103,100,0,13,0,13,152,135,0,13,4.8,5.1,68.2,8.1,15.1,4.3,2.9,2.8,0,1.1,0,1.1,4.3,3.8,0,1.1
51,Virginia,VA,51153,Prince William County,51153901016,Census Tract 9010.16; Prince William County; Virginia,0.6451,1.177334265,5428,908,1649,274,1580,283,628,372,261,247,374,270,283,193,269,129,368,153,1839,487,596,312,58,56,201,153,4238,992,274,153,0,19,14,28,27,43,4,2,11.8,6.7,9.8,7.8,23.7,16.6,8.5,6,5,2.5,6.8,3.3,33.9,6.1,11.1,4.4,3.7,3.5,4,2.9,78.1,12.8,16.6,8.9,0,2.4,0.9,1.7,1.7,2.7,0.1,0,0.4015,0.9117,0.5698,0.5408,0.3796,2.8034,0.596,0.0987,0.976,0.4512,0.3899,0.8133,2.7291,0.6656,0.9179,0.9179,0.9179,0.7369,0,0.469,0.2609,0.4675,1.9343,0.4024,8.3847,0.6451,0,1,0,0,0,1,0,1,0,0,0,1,1,1,0,0,0,0,0,0,3,5815,97,96,1784,320,1404,724,764,338,0,19,22,36,264,166,0,19,6.1,5.9,32.9,5,25.9,10.7,14.1,6.5,0,0.7,0.4,0.7,4.9,2.9,0,0.7
51,Virginia,VA,51153,Prince William County,51153901101,Census Tract 9011.01; Prince William County; Virginia,0.7552,2.469534647,2290,265,681,135,585,114,287,188,39,37,164,59,50,32,101,52,51,19,356,112,86,43,12,18,71,101,1081,339,109,81,15,14,18,20,49,32,927,68,21.1,13.2,6.5,6.1,28,8.5,5.4,3.3,8.7,4.7,2.2,0.9,15.5,3.7,7.4,3.7,2.1,3,3.3,4.7,47.2,13.8,16,11.5,2.2,2.1,3.1,2.9,8.4,5.6,40.5,5.5,0.6776,0.7817,0.685,0.3564,0.6856,3.1863,0.7099,0.0198,0.1863,0.1988,0.2105,0.7746,1.39,0.0555,0.6501,0.6501,0.6501,0.73,0.6768,0.7729,0.7572,0.9816,3.9185,0.9852,9.1449,0.7552,0,0,0,0,0,0,0,0,0,0,0,0,0,0,0,0,0,0,1,1,1,3007,25,16,272,136,301,144,332,201,14,19,0,13,135,96,27,31,4.3,3,11.9,5.4,13.1,6.2,14.5,8.1,0.6,0.8,0,1.7,5.9,4.3,1.2,1.4
51,Virginia,VA,51153,Prince William County,51153901102,Census Tract 9011.02; Prince William County; Virginia,0.5502,4.934919856,3378,374,888,142,822,141,564,310,46,33,350,164,0,13,23,36,0,13,1137,231,81,58,67,65,2,50,1041,566,72,47,0,13,23,22,29,39,704,50,21.2,11.3,10.2,7.7,42.6,18.6,0,3.4,1.2,1.8,0,1.2,33.7,4.2,4.1,2.9,8.2,7.8,0.1,1.8,30.8,16.4,8.1,5.1,0,4.4,2.8,2.4,3.5,4.6,20.8,2.7,0.6799,0.9237,0.9098,0,0.0583,2.5717,0.5211,0,0.9742,0.0402,0.7456,0.2845,2.0445,0.2331,0.4186,0.4186,0.4186,0.6038,0,0.7461,0.4459,0.9659,2.7617,0.7345,7.7965,0.5502,0,1,1,0,0,2,0,1,0,0,0,1,0,0,0,0,0,0,1,1,4,4904,29,37,286,210,603,247,19,24,0,13,0,13,124,69,9,13,3.5,4.3,8.5,6.4,17.9,6.8,0.6,0.7,0,1.2,0,1.2,3.7,1.9,0.3,0.4
51,Virginia,VA,51153,Prince William County,51153901203,Census Tract 9012.03; Prince William County; Virginia,0.7922,1.294420855,3536,541,1368,258,1368,258,411,280,91,87,394,217,382,169,667,279,510,204,825,250,261,126,77,71,236,142,2351,734,0,18,22,24,74,66,175,180,0,13,11.6,7.7,4.4,4,28.8,14.9,15.8,6.6,18.9,8.2,14.4,5.5,23.3,4.6,7.4,3.5,5.6,5.1,7.2,4.2,66.5,18.1,0,1.3,1.6,1.8,5.4,4.7,12.8,11.7,0,0.4,0.3922,0.5749,0.7068,0.829,0.9565,3.4594,0.7918,0.4103,0.6275,0.1988,0.58,0.9087,2.7253,0.6628,0.8469,0.8469,0.8469,0,0.6389,0.9015,0.8723,0,2.4127,0.5962,9.4443,0.7922,0,0,0,0,1,1,0,0,0,0,1,1,0,0,0,0,1,0,0,1,3,2878,23,30,450,167,1118,249,269,173,0,13,197,125,229,150,88,109,1.7,2.3,12.7,4.8,31.6,8,7.6,4.8,0,1.1,5.6,3.6,6.5,4.4,2.5,3
51,Virginia,VA,51153,Prince William County,51153901208,Census Tract 9012.08; Prince William County; Virginia,0.8459,0.921644393,3519,385,1327,116,1315,118,665,369,100,80,278,114,245,160,282,212,993,165,812,187,443,111,41,39,143,108,1542,533,145,64,42,53,12,24,38,32,35,11,19.1,10.4,7.3,5.6,21.1,8.5,10.1,6.3,8.1,5.9,28.2,4.6,23.1,3.6,12.7,3.4,3.1,3,4.2,3.1,43.8,14.4,10.9,4.7,3.2,4,0.9,1.8,2.9,2.4,1,0.3,0.6216,0.8298,0.4769,0.6192,0.6408,3.1883,0.7108,0.9239,0.6173,0.5483,0.3284,0.8262,3.2441,0.9181,0.6021,0.6021,0.6021,0.6588,0.7124,0.469,0.3839,0.7533,2.9774,0.8034,10.0119,0.8459,0,0,0,0,0,0,1,0,0,0,0,1,0,0,0,0,0,0,0,0,1,2449,91,79,473,352,722,341,95,63,0,13,0,13,252,180,0,13,6.9,5.7,13.4,9.7,20.5,9.4,2.7,1.8,0,1.1,0,1.1,7.2,4.9,0,1.1
51,Virginia,VA,51153,Prince William County,51153901209,Census Tract 9012.09; Prince William County; Virginia,0.6349,1.664655993,6564,784,1998,166,1964,175,1008,417,198,96,276,111,390,133,547,243,864,110,1843,380,385,122,115,97,311,177,4135,907,103,54,0,19,62,41,127,74,0,19,15.4,6.1,5.8,3,14.1,5.5,9.5,3.2,8.4,3.6,13.2,2.1,28.1,4.3,5.9,1.9,5.9,4.9,5.1,2.8,63,11.6,5.2,2.7,0,2,3.1,2,6.5,3.7,0,0.3,0.5254,0.7327,0.2234,0.5901,0.6648,2.7364,0.5715,0.3476,0.8704,0.116,0.5971,0.8566,2.7877,0.7017,0.8202,0.8202,0.8202,0.5294,0,0.7729,0.6619,0,1.9642,0.4149,8.3085,0.6349,0,0,0,0,0,0,0,0,0,0,0,0,0,0,0,0,0,0,0,0,0,3541,46,27,1209,360,1941,462,772,449,0,19,0,19,213,117,0,19,2.3,1.4,18.4,4.9,29.6,7,11.8,6.2,0,0.6,0,0.6,3.2,1.7,0,0.6
51,Virginia,VA,51153,Prince William County,51153901211,Census Tract 9012.11; Prince William County; Virginia,0.6927,0.713110317,4792,518,1292,104,1250,117,848,432,70,51,210,96,715,251,1045,349,358,131,1211,236,368,148,126,92,337,150,3878,551,0,18,0,13,125,89,33,40,3,2,17.7,8.8,2.5,1.7,16.8,7.5,23.1,7.2,21.8,6.2,7.5,3,25.3,3.9,7.7,3,10.1,7.3,7.2,3.1,80.9,7.5,0,1.4,0,3,10,6.8,2.6,3.2,0.1,0,0.5879,0.3062,0.321,0.9525,0.9755,3.1431,0.696,0.1199,0.751,0.221,0.827,0.9087,2.8276,0.7257,0.9331,0.9331,0.9331,0,0,0.9755,0.3552,0.4675,1.7982,0.358,8.702,0.6927,0,0,0,1,1,2,0,0,0,0,1,1,1,1,0,0,1,0,0,1,5,2573,54,51,594,172,2399,547,602,261,0,13,0,13,283,177,0,13,4.3,4,12.4,3.4,50.1,8.4,12.6,5.3,0,0.8,0,0.8,5.9,3.8,0,0.8
51,Virginia,VA,51153,Prince William County,51153901212,Census Tract 9012.12; Prince William County; Virginia,0.8616,1.195649785,7569,945,2174,149,2152,153,1100,591,260,124,452,166,955,377,917,447,800,168,2190,480,802,250,250,110,594,303,5855,1025,143,86,22,36,147,138,27,34,0,19,14.5,7.6,7.1,3.2,21,7.6,20.9,7.2,12.2,5,10.6,2.5,28.9,4,10.6,3.4,11.6,5,8.6,4.3,77.4,9.5,6.5,3.9,1,1.6,6.8,6.3,1.3,1.6,0,0.3,0.4954,0.8191,0.4736,0.9258,0.841,3.5549,0.8209,0.2305,0.8963,0.4226,0.8737,0.9336,3.3567,0.9436,0.9147,0.9147,0.9147,0.5622,0.6075,0.9389,0.2054,0,2.314,0.556,10.1403,0.8616,0,0,0,1,0,1,0,0,0,0,1,1,1,1,0,0,1,0,0,1,4,3011,117,87,1877,364,3084,941,493,198,0,19,0,19,369,277,32,64,5.4,4,24.8,5,40.7,8.6,6.5,2.8,0,0.5,0,0.5,4.9,3.8,0.4,0.9
51,Virginia,VA,51153,Prince William County,51153901219,Census Tract 9012.19; Prince William County; Virginia,0.0139,9.141628559,5493,538,2011,251,1961,250,66,54,121,66,95,46,92,64,144,107,1042,189,1072,184,288,80,0,26,107,104,1474,786,6,21,0,19,0,26,0,19,0,19,1.2,1,4.1,2.2,4.8,2.3,2.2,1.5,2.6,2,19,3,19.5,3,5.3,1.6,0,1.3,2,2,26.8,14.1,0.3,1,0,2,0,1.3,0,2,0,0.3,0.0125,0.5379,0.0245,0.1342,0.1646,0.8737,0.0717,0.6293,0.3854,0.0814,0,0.6759,1.772,0.1277,0.3605,0.3605,0.3605,0.301,0,0,0,0,0.301,0.0282,3.3072,0.0139,0,0,0,0,0,0,0,0,0,0,0,0,0,0,0,0,0,0,0,0,0,2542,11,18,473,98,424,295,351,118,0,19,0,19,226,132,0,19,0.6,0.9,8.6,1.7,7.7,5.3,6.4,2.2,0,0.7,0,0.7,4.1,2.4,0,0.7
51,Virginia,VA,51153,Prince William County,51153901221,Census Tract 9012.21; Prince William County; Virginia,0.4734,0.893179795,6449,1353,2375,316,2318,322,885,340,181,179,724,204,125,125,453,285,647,197,1478,482,213,102,201,111,121,108,3880,1554,716,224,0,19,19,36,61,49,0,19,13.7,4.4,5.1,4.6,31.2,7.7,2.9,2.7,7.2,4.2,10,3.5,22.9,4.9,3.4,1.6,8.7,4.6,2,1.8,60.2,20.5,30.1,8.5,0,1.7,0.8,1.5,2.6,2.2,0,0.3,0.4699,0.6684,0.7567,0.1876,0.571,2.6536,0.5456,0.201,0.604,0.0231,0.7687,0.6759,2.2727,0.3603,0.7935,0.7935,0.7935,0.8539,0,0.45,0.3552,0,1.6591,0.308,7.3789,0.4734,0,0,0,0,0,0,0,0,0,0,0,0,0,0,0,0,0,0,0,0,0,4549,104,95,2504,1102,617,201,349,180,73,69,0,19,271,206,66,93,4.5,4.1,38.8,11.7,9.6,3.7,5.4,3,1.1,1.1,0,0.6,4.2,3.3,1,1.4
51,Virginia,VA,51153,Prince William County,51153901222,Census Tract 9012.22; Prince William County; Virginia,0.4317,0.432095242,2624,216,924,124,908,108,163,142,73,45,216,124,180,61,230,113,342,94,630,84,304,190,99,53,48,57,1111,331,10,19,0,13,0,18,30,37,1,3,6.2,5.4,5.3,3.1,23.8,13.4,10.3,3.5,8.8,4.2,13,3.1,24,3.5,11.7,6.7,10.9,5.7,1.9,2.3,42.3,12.1,1.1,2.1,0,4.2,0,1.9,3.3,4.1,0,0.1,0.1966,0.6873,0.5726,0.6289,0.6907,2.7761,0.5821,0.337,0.6708,0.4896,0.8548,0.6574,3.0096,0.8224,0.5814,0.5814,0.5814,0.3703,0,0,0.4251,0,0.7954,0.0874,7.1625,0.4317,0,0,0,0,0,0,0,0,0,0,0,0,0,0,0,0,0,0,0,0,0,641,82,74,391,94,484,212,90,71,6,10,0,13,113,54,27,35,9,7.7,14.9,3.3,18.4,7.8,3.4,2.7,0.2,0.4,0,1.5,4.3,2.1,1,1.3
51,Virginia,VA,51153,Prince William County,51153901223,Census Tract 9012.23; Prince William County; Virginia,0.5423,1.377798423,6194,654,2196,121,2196,121,473,232,135,74,500,171,342,171,629,358,800,118,1426,289,544,197,256,123,141,127,3531,747,0,26,15,27,33,36,71,86,0,19,7.8,3.7,3.8,2,22.8,7.7,8.1,4,10.2,5.7,12.9,2.1,23,3.3,8.8,3.3,11.7,5.6,2.4,2.2,57,10.5,0,1.2,0.7,1.2,1.5,1.6,3.2,3.9,0,0.3,0.2456,0.5014,0.543,0.521,0.7605,2.5715,0.5206,0.3347,0.6095,0.2968,0.8788,0.7183,2.8381,0.7308,0.7593,0.7593,0.7593,0,0.5784,0.5814,0.4149,0,1.5747,0.2803,7.7436,0.5423,0,0,0,0,0,0,0,0,0,0,0,0,0,0,0,0,0,0,0,0,0,4044,108,86,1049,318,1416,474,775,528,0,19,0,19,274,152,17,27,4.9,3.9,16.9,5.5,22.9,7.1,12.5,7.7,0,0.6,0,0.6,4.4,2.5,0.3,0.4
51,Virginia,VA,51153,Prince William County,51153901224,Census Tract 9012.24; Prince William County; Virginia,0.2684,1.228638726,4276,543,1362,109,1362,109,259,238,144,125,158,128,161,99,279,215,728,131,1039,298,425,172,31,32,104,101,2067,621,0,18,0,13,18,26,14,18,0,13,6.1,5.5,6.6,5.4,11.6,9.4,5.9,3.6,6.6,4.7,17,3,24.3,6,10.1,4.3,2.3,2.3,2.6,2.5,48.3,13.2,0,1.3,0,2.9,1.3,1.9,1,1.3,0,0.3,0.1915,0.7891,0.1568,0.391,0.5247,2.0531,0.3674,0.5486,0.6883,0.3893,0.2336,0.7308,2.5906,0.5754,0.669,0.669,0.669,0,0,0.5412,0.1721,0,0.7133,0.074,6.026,0.2684,0,0,0,0,0,0,0,0,0,0,0,0,0,0,0,0,0,0,0,0,0,4769,30,26,338,79,1153,377,201,72,0,13,5,11,223,162,147,218,2.2,1.9,7.9,1.8,27,7.3,4.7,1.7,0,0.9,0.1,0.3,5.2,3.6,3.4,5
51,Virginia,VA,51153,Prince William County,51153901225,Census Tract 9012.25; Prince William County; Virginia,0.7182,1.238739541,4961,911,1764,239,1598,245,161,152,128,81,190,100,323,180,386,204,651,175,1247,452,546,183,62,50,284,144,2789,1284,172,93,82,77,54,55,61,42,10,10,3.2,3,4.6,3,11.9,6,9.7,5.2,7.8,4,13.1,4.1,25.1,5.5,11,4.2,3.9,3.1,6.1,2.9,56.2,23.7,9.8,5.1,4.6,4.5,3.4,3.1,3.8,2.7,0.2,0.2,0.0782,0.6022,0.1628,0.5998,0.619,2.062,0.3697,0.3416,0.7354,0.4471,0.4144,0.8866,2.8251,0.7234,0.7492,0.7492,0.7492,0.6394,0.742,0.8025,0.4676,0.5606,3.2121,0.8723,8.8484,0.7182,0,0,0,0,0,0,0,0,0,0,0,0,0,0,0,0,0,0,0,0,0,2209,69,46,1000,340,1015,295,560,137,0,13,0,13,201,100,13,21,4.3,2.9,20.2,7.3,20.5,6.4,11.3,3.4,0,0.8,0,0.8,4.1,2.3,0.3,0.4
51,Virginia,VA,51153,Prince William County,51153901226,Census Tract 9012.26; Prince William County; Virginia,0.2999,1.397745997,6384,684,1778,144,1766,141,373,149,112,70,183,88,398,164,416,156,694,166,1618,273,540,219,126,79,298,147,4200,858,0,26,0,19,62,65,0,19,0,19,5.8,2.2,3.1,1.9,10.4,4.9,9,3.5,6.5,2.4,10.9,2.6,25.3,2.8,8.5,3.1,7.2,4.4,5.1,2.4,65.8,11.4,0,1.5,0,2.2,3.5,3.6,0,2.2,0,0.3,0.1772,0.3969,0.1249,0.5662,0.5178,1.783,0.2837,0.2425,0.751,0.2797,0.6859,0.8566,2.8157,0.7183,0.8423,0.8423,0.8423,0,0,0.808,0,0,0.808,0.0888,6.249,0.2999,0,0,0,0,0,0,0,0,0,0,0,0,0,0,0,0,0,0,0,0,0,4065,44,38,1611,450,1059,325,1139,270,58,64,40,60,233,105,60,67,2.5,2.1,25.2,6.4,16.6,4.5,17.8,4.3,0.9,1,0.6,1,3.6,1.7,0.9,1.1
51,Virginia,VA,51153,Prince William County,51153901227,Census Tract 9012.27; Prince William County; Virginia,0.621,1.255321077,6079,912,1495,123,1495,123,561,406,91,71,192,88,768,245,705,268,504,84,1869,598,417,169,89,89,519,199,4368,1155,0,26,14,24,47,50,11,17,8,5,9.3,6.5,2.8,2.1,12.8,5.8,21.9,6.2,11.6,4.4,8.3,1.9,30.7,6,6.9,2.6,6,5.9,9.2,3.3,71.9,15.6,0,1.7,0.9,1.6,3.1,3.3,0.7,1.2,0.1,0.1,0.3016,0.3483,0.1906,0.9378,0.8183,2.5966,0.5289,0.142,0.9391,0.1724,0.605,0.9414,2.7999,0.7086,0.882,0.882,0.882,0,0.5987,0.7729,0.1221,0.4675,1.9612,0.413,8.2397,0.621,0,0,0,1,0,1,0,1,0,0,1,2,0,0,0,0,0,0,0,0,3,3138,31,33,850,384,2855,711,516,307,0,19,0,19,147,107,0,19,2.1,2.3,14,6.3,47,10.8,8.5,5.1,0,0.7,0,0.7,2.4,1.5,0,0.7
51,Virginia,VA,51153,Prince William County,51153901228,Census Tract 9012.28; Prince William County; Virginia,0.5636,1.208249452,6578,489,1857,161,1857,161,606,299,114,90,219,100,671,197,529,181,670,149,1844,244,529,156,59,47,407,151,4984,563,0,26,7,12,73,49,13,21,13,2,9.3,4.5,3.2,2.5,11.8,5.3,16.1,4.7,8.1,2.6,10.2,2.1,28,2.5,8.1,2.3,3.2,2.5,6.7,2.4,75.8,6.4,0,1.4,0.4,0.7,3.9,2.6,0.7,1.1,0.2,0,0.3016,0.4135,0.1614,0.8359,0.6408,2.3532,0.4507,0.2116,0.8695,0.251,0.3377,0.899,2.5688,0.5634,0.8995,0.8995,0.8995,0,0.5497,0.8353,0.1221,0.5606,2.0677,0.4635,7.8892,0.5636,0,0,0,0,0,0,0,0,0,0,0,0,0,0,0,0,0,0,0,0,0,1979,26,26,1234,215,2682,426,742,245,0,19,24,29,277,146,25,30,1.4,1.4,18.8,3.1,40.8,5,11.3,3.5,0,0.6,0.4,0.4,4.2,2.2,0.4,0.5
51,Virginia,VA,51153,Prince William County,51153901229,Census Tract 9012.29; Prince William County; Virginia,0.3045,0.986428061,4766,993,1340,218,1340,218,303,184,112,56,139,123,306,160,386,243,426,209,1258,449,388,163,28,24,284,180,3348,1153,0,18,0,13,48,38,7,13,0,13,6.4,3.6,4.3,2.2,10.4,9,10.5,5.4,8.1,4.7,8.9,3.5,26.4,4.8,8.2,2.9,2.1,1.8,6.4,3.9,70.2,19.3,0,1.3,0,2.9,3.6,2.8,0.5,0.9,0,0.3,0.2003,0.5657,0.1249,0.639,0.6408,2.1707,0.3943,0.16,0.8054,0.258,0.2105,0.8912,2.3251,0.3969,0.87,0.87,0.87,0,0,0.8145,0.0944,0,0.9089,0.1115,6.2747,0.3045,0,0,0,0,0,0,0,0,0,0,0,0,0,0,0,0,0,0,0,0,0,4983,42,40,1281,506,1262,521,393,150,0,13,0,13,401,231,11,18,3.1,3,26.9,9.2,26.5,9.6,8.2,3.5,0,0.8,0,0.8,8.4,4.5,0.2,0.4
51,Virginia,VA,51153,Prince William County,51153901230,Census Tract 9012.30; Prince William County; Virginia,0.3961,0.941670345,4116,343,1190,89,1190,89,375,309,126,64,167,79,275,169,295,145,365,119,1114,194,400,251,26,31,158,76,2531,477,17,27,0,13,6,16,53,46,2,1,9.1,7.5,5.5,2.8,14,6.6,10.6,6.3,7.2,3.5,8.9,2.8,27.1,4.1,9.8,5.7,2.2,2.6,4.1,1.9,61.5,10.4,1.4,2.3,0,3.3,0.5,1.3,4.5,3.9,0,0,0.2937,0.7031,0.2211,0.6445,0.571,2.4334,0.4785,0.16,0.8336,0.368,0.2225,0.8188,2.4029,0.451,0.8064,0.8064,0.8064,0.3888,0,0.3885,0.5342,0,1.3115,0.2058,6.9542,0.3961,0,0,0,0,0,0,0,0,0,0,0,0,0,0,0,0,0,0,0,0,0,1926,23,25,1052,260,699,169,429,209,18,27,0,13,281,156,52,62,1.9,2.1,25.6,5.7,17,4.1,10.4,5,0.4,0.7,0,1,6.8,3.9,1.3,1.5
51,Virginia,VA,51153,Prince William County,51153901231,Census Tract 9012.31; Prince William County; Virginia,0.5354,7.255168164,6456,603,2294,184,2125,167,396,184,149,74,336,128,230,92,348,185,1085,145,1526,346,573,163,70,67,84,77,2507,852,368,164,0,19,42,52,122,83,204,6,6.3,2.9,4.3,2.1,15.8,5.9,5.2,1.9,5.6,3,16.8,2.4,23.6,3.6,9.2,2.4,3.3,3.1,1.4,1.3,38.8,12.7,16,7,0,1.7,2,2.3,5.7,3.8,3.2,0.3,0.1984,0.5657,0.2863,0.3416,0.4461,1.8381,0.3026,0.5376,0.6501,0.3306,0.3483,0.5901,2.4567,0.4857,0.5385,0.5385,0.5385,0.73,0,0.6531,0.6235,0.8626,2.8692,0.7743,7.7025,0.5354,0,0,0,0,0,0,0,0,0,0,0,0,0,0,0,0,0,0,0,0,0,8364,121,64,842,459,580,328,550,108,0,19,0,19,520,250,15,24,5.7,3,13,7.2,9,5,8.5,1.9,0,0.6,0,0.6,8.1,3.7,0.2,0.4
51,Virginia,VA,51153,Prince William County,51153901232,Census Tract 9012.32; Prince William County; Virginia,0.2267,4.928524848,6141,712,1728,251,1637,255,355,191,58,62,241,100,438,117,151,73,673,125,1173,318,373,116,5,21,143,88,2835,923,0,26,4,10,14,27,5,9,966,121,6.9,3.6,1.9,2.1,14.7,5.7,9.8,2.8,2.9,1.5,11,2,19.1,4.2,7.2,2.4,0.3,1.3,2.5,1.5,46.2,14,0,1.5,0.2,0.6,0.9,1.6,0.3,0.6,15.7,0.8,0.2202,0.2077,0.2419,0.6044,0.1877,1.4619,0.192,0.2457,0.3596,0.1882,0.0527,0.7243,1.5705,0.0823,0.6395,0.6395,0.6395,0,0.5368,0.469,0.0842,0.9553,2.0453,0.4482,5.7172,0.2267,0,0,0,0,0,0,0,0,0,0,0,0,0,0,0,0,0,0,1,1,1,4434,34,37,1147,243,1053,411,373,110,0,19,0,19,262,130,0,19,2.1,2.3,18.7,4,17.1,6,6.1,1.9,0,0.6,0,0.6,4.3,2.2,0,0.6
51,Virginia,VA,51153,Prince William County,51153901233,Census Tract 9012.33; Prince William County; Virginia,0.2795,5.845923278,6851,460,2297,192,2281,190,824,449,85,61,217,117,227,122,235,190,793,164,1725,258,324,133,166,116,308,208,1972,608,0,26,264,210,21,38,87,74,0,19,12.1,6.5,2.2,1.6,9.5,5.1,4.8,2.6,3.4,2.7,11.6,2.4,25.2,3.2,4.8,1.9,7.2,5.1,4.6,3.1,28.8,8.7,0,1.1,11.5,8.6,0.9,1.7,3.8,3.2,0,0.3,0.4149,0.259,0.1036,0.3149,0.2353,1.3277,0.1624,0.2775,0.745,0.061,0.6859,0.8446,2.614,0.5865,0.3919,0.3919,0.3919,0,0.834,0.469,0.4676,0,1.7706,0.3474,6.1042,0.2795,0,0,0,0,0,0,0,0,0,0,0,0,0,0,0,0,0,0,0,0,0,3178,25,26,429,153,987,280,407,192,0,19,0,19,149,100,0,19,1.1,1.2,6.3,2.2,14.4,3.9,5.9,2.8,0,0.6,0,0.6,2.2,1.5,0,0.6
51,Virginia,VA,51153,Prince William County,51153901234,Census Tract 9012.34; Prince William County; Virginia,0.1851,6.192125883,2986,375,1040,158,1040,158,124,68,46,44,136,76,130,92,118,110,452,115,583,104,207,72,26,39,115,73,1188,481,9,19,0,13,0,18,24,29,27,6,4.2,2.2,2.8,2.6,13.1,7,5.8,4.2,4,3.6,15.1,4.3,19.5,3.4,7.1,2.6,2.5,3.7,4,2.5,39.8,15.3,0.9,1.8,0,3.8,0,1.7,2.3,2.7,0.9,0.2,0.1226,0.3483,0.198,0.3827,0.289,1.3406,0.1661,0.4491,0.3854,0.1835,0.259,0.8133,2.0903,0.2525,0.55,0.55,0.55,0.3546,0,0,0.3293,0.7437,1.4276,0.2336,5.4085,0.1851,0,0,0,0,0,0,0,0,0,0,0,0,0,0,0,0,0,0,0,0,0,6840,43,32,294,59,460,164,185,156,0,13,0,13,245,121,4,9,4.1,3.1,9.8,2.1,15.4,4.5,6.2,5.4,0,1.3,0,1.3,8.2,3.9,0.1,0.3
51,Virginia,VA,51153,Prince William County,51153901235,Census Tract 9012.35; Prince William County; Virginia,0.0074,1.629692912,3004,358,1023,75,953,104,54,99,26,31,57,47,29,39,24,30,290,38,814,135,249,111,18,27,34,58,1019,546,0,18,0,13,0,18,6,12,0,13,1.8,3.3,1.5,1.8,6,4.9,1.5,2,0.8,1,9.7,1.5,27.1,3.5,8.6,3.4,1.9,2.8,1.2,2,33.9,17.7,0,1.8,0,3.8,0,1.8,0.6,1.2,0,0.4,0.0264,0.1577,0.0402,0.0894,0.0314,0.3451,0.0083,0.1927,0.8336,0.2843,0.1869,0.5556,2.0531,0.2382,0.4615,0.4615,0.4615,0,0,0,0.1068,0,0.1068,0.0139,2.9665,0.0074,0,0,0,0,0,0,0,0,0,0,0,0,0,0,0,0,0,0,0,0,0,922,6,11,538,170,60,57,233,158,0,13,0,13,119,93,69,119,0.6,1.2,17.9,5.9,2,1.9,7.8,5.2,0,1.3,0,1.3,4,3,2.3,4
51,Virginia,VA,51153,Prince William County,51153901236,Census Tract 9012.36; Prince William County; Virginia,0.1763,1.938410033,6419,595,2057,157,1995,161,255,137,86,81,194,74,232,106,284,117,588,132,1966,244,357,117,81,51,113,91,3145,764,186,82,0,19,9,23,12,18,2,1,4,2.1,2.6,2.4,9.7,3.6,5.8,2.7,4.5,1.9,9.2,1.9,30.6,2.1,5.7,1.9,4.1,2.5,1.9,1.5,49,11,9,3.9,0,1.9,0.5,1.1,0.6,0.9,0,0,0.1129,0.321,0.1082,0.3827,0.3333,1.2581,0.1467,0.1766,0.9368,0.1036,0.4306,0.6574,2.305,0.3816,0.68,0.68,0.68,0.6237,0,0.3885,0.1068,0,1.119,0.1614,5.3621,0.1763,0,0,0,0,0,0,0,1,0,0,0,1,0,0,0,0,0,0,0,0,1,8410,8,13,1421,222,775,242,563,288,0,19,0,19,386,183,0,19,0.4,0.6,22.1,3.6,12.1,3.4,8.8,4.2,0,0.6,0,0.6,6,2.8,0,0.6
51,Virginia,VA,51153,Prince William County,51153901237,Census Tract 9012.37; Prince William County; Virginia,0.5243,0.351418457,2982,338,1234,113,1160,107,304,177,136,92,290,107,79,54,189,128,141,55,843,172,294,97,171,99,54,67,1398,541,92,59,0,13,36,34,9,16,0,13,10.2,5.8,8.1,5,25,8.9,4.3,2.8,6.5,3.9,4.7,2.2,28.3,4.1,10.1,3.9,14.7,8.4,1.9,2.4,46.9,17.3,7.4,4.7,0,3.2,3.1,2.7,0.8,1.4,0,0.4,0.3404,0.8659,0.6068,0.2808,0.5178,2.6117,0.534,0.0475,0.876,0.3893,0.9269,0.6574,2.8971,0.7664,0.6478,0.6478,0.6478,0.5871,0,0.7729,0.1392,0,1.4992,0.2553,7.6558,0.5243,0,0,0,0,0,0,0,0,0,1,0,1,0,0,0,0,0,0,0,0,1,1632,5,10,471,228,605,294,166,152,16,14,35,55,105,82,0,13,0.4,0.9,15.8,7.7,20.3,9.6,5.6,5.1,0.5,0.5,1.2,1.8,3.5,2.9,0,1.3
51,Virginia,VA,51153,Prince William County,51153901303,Census Tract 9013.03; Prince William County; Virginia,0.1717,1.655892636,5165,713,1515,224,1515,224,125,109,43,39,193,202,331,306,279,195,301,90,1412,333,296,99,56,43,159,132,2465,784,0,26,0,19,28,39,0,19,4,2,2.5,2.1,1.4,1.3,12.7,13.2,9.6,8.2,5.4,3.6,5.8,2,27.3,3.9,5.7,2.1,3.7,2.8,3.4,2.8,47.7,13.7,0,1.7,0,2.6,1.8,2.6,0,2.6,0.1,0,0.0537,0.1411,0.1869,0.5966,0.4249,1.4032,0.1772,0.071,0.8423,0.1036,0.3899,0.7833,2.1901,0.3122,0.6607,0.6607,0.6607,0,0,0.6203,0,0.4675,1.0878,0.1517,5.3418,0.1717,0,0,0,0,0,0,0,0,0,0,0,0,0,0,0,0,0,0,0,0,0,1417,5,9,562,129,1276,560,363,170,0,19,0,19,251,172,13,21,0.3,0.6,10.9,2.8,24.7,8.4,7,3.1,0,0.8,0,0.8,4.9,3.3,0.3,0.4
51,Virginia,VA,51153,Prince William County,51153901304,Census Tract 9013.04; Prince William County; Virginia,0.4604,5.725537446,3235,416,998,107,972,105,207,115,155,94,101,55,192,91,436,161,452,103,742,183,347,138,37,26,131,101,1154,581,0,18,6,10,27,23,12,13,0,13,6.4,3.5,8.8,4.7,10.4,5.5,8.6,4.1,13.5,4.4,14,2.6,22.9,4.9,10.7,3.8,3.8,2.6,4.4,3.3,35.7,17.4,0,1.8,0.6,1,2.8,2.3,1.2,1.4,0,0.4,0.2003,0.8876,0.1249,0.5463,0.877,2.6361,0.5414,0.3827,0.604,0.4304,0.408,0.8359,2.661,0.6184,0.4952,0.4952,0.4952,0,0.5687,0.7461,0.1924,0,1.5072,0.2586,7.2995,0.4604,0,0,0,0,0,0,0,0,0,0,0,0,0,0,0,0,0,0,0,0,0,948,43,32,105,86,652,266,168,106,0,13,0,13,229,140,0,13,4.4,3.3,3.2,2.4,20.2,8.3,5.2,3.2,0,1.2,0,1.2,7.1,4.2,0,1.2
51,Virginia,VA,51153,Prince William County,51153901305,Census Tract 9013.05; Prince William County; Virginia,0.0652,30.35166355,4070,604,1339,205,1259,214,234,151,71,56,184,109,80,55,333,253,463,80,790,143,408,105,71,56,14,53,983,746,0,18,0,13,0,18,47,61,0,13,5.7,3.6,2.9,2.4,14.6,8.3,2.9,2.1,8.3,6.1,11.4,2.4,19.4,2.5,10.2,2.9,5.6,4.3,0.3,1.3,24.2,18,0,1.3,0,2.9,0,1.3,3.7,5.1,0,0.3,0.1716,0.3654,0.2391,0.1876,0.6579,1.6216,0.2392,0.2669,0.3785,0.3985,0.58,0.3329,1.9568,0.1878,0.313,0.313,0.313,0,0,0,0.4607,0,0.4607,0.0435,4.3521,0.0652,0,0,0,0,0,0,0,0,0,0,0,0,0,0,0,0,0,0,0,0,0,3455,74,73,280,247,628,352,51,55,0,13,0,13,24,25,0,13,5.9,5.6,6.9,5.6,15.4,7.7,1.3,1.3,0,1,0,1,0.6,0.6,0,1
51,Virginia,VA,51153,Prince William County,51153901306,Census Tract 9013.06; Prince William County; Virginia,0.1596,12.33195502,5259,464,1774,142,1676,127,184,127,123,66,136,71,154,84,174,79,1055,230,1147,232,355,126,86,70,87,107,1388,613,0,26,0,19,18,34,0,19,11,4,3.5,2.4,4.5,2.2,8.1,4.2,4.2,2.3,3.3,1.6,20.1,3.8,21.8,3.3,6.8,2.2,5.1,4.2,1.7,2.1,26.4,11.4,0,1.5,0,2.2,1.1,1.9,0,2.4,0.2,0.1,0.092,0.5893,0.0768,0.2748,0.2279,1.2608,0.1481,0.68,0.5362,0.1641,0.537,0.6381,2.5554,0.5537,0.3518,0.3518,0.3518,0,0,0.5097,0,0.5606,1.0703,0.1466,5.2383,0.1596,0,0,0,0,0,0,0,0,0,0,0,0,0,0,0,0,0,0,0,0,0,2614,80,56,450,332,660,242,119,79,14,15,0,19,137,110,8,13,4.8,3.4,8.6,6.2,12.5,3.9,2.3,1.5,0.3,0.3,0,0.8,2.6,2.1,0.2,0.2
51,Virginia,VA,51153,Prince William County,51153901403,Census Tract 9014.03; Prince William County; Virginia,0.8973,1.921634287,7258,1085,2951,412,2812,454,1471,602,294,211,1043,321,468,219,1494,828,768,271,1754,368,626,264,33,54,1187,525,4955,1249,1355,384,0,19,278,172,218,125,133,8,20.9,8,7.3,4.8,37.1,9.7,9.3,4.3,21,10,10.6,3.8,24.2,3,8.8,3.6,1.2,1.9,17.6,7.3,68.3,13.9,45.9,11.3,0,1.3,9.9,5.7,7.8,4.5,1.8,0.3,0.6739,0.8298,0.846,0.5786,0.9704,3.8987,0.9042,0.2305,0.681,0.2968,0.117,0.9894,2.3147,0.3867,0.8575,0.8575,0.8575,0.9265,0,0.975,0.7257,0.8036,3.4308,0.9255,10.5017,0.8973,0,0,0,0,1,1,0,0,0,0,1,1,0,0,1,0,1,0,0,2,4,10441,198,125,1195,646,2587,1119,824,432,0,19,0,19,299,239,50,54,7,4.5,16.5,8.7,35.6,12.6,11.4,6.1,0,0.5,0,0.5,4.1,3.2,0.7,0.8
51,Virginia,VA,51153,Prince William County,51153901407,Census Tract 9014.07; Prince William County; Virginia,0.7751,1.024119725,4385,514,1598,143,1542,150,860,286,58,54,545,151,590,205,976,413,188,96,1057,286,295,89,156,84,696,241,3610,564,700,153,0,13,91,54,22,27,0,13,19.7,6.1,2.1,1.8,35.3,9.2,20.7,6.3,22.3,8.3,4.3,2.3,24.1,5.2,6.7,1.9,10.1,5.4,17.3,5.7,82.3,8.5,43.8,8.7,0,2.5,5.9,3.3,1.4,1.7,0,0.3,0.6443,0.2405,0.8238,0.9235,0.9769,3.609,0.8371,0.0415,0.6754,0.1572,0.827,0.988,2.6891,0.6378,0.9414,0.9414,0.9414,0.9205,0,0.9191,0.2211,0,2.0607,0.4584,9.3002,0.7751,0,0,0,1,1,2,0,0,0,0,1,1,1,1,1,0,1,0,0,2,6,5168,57,62,704,264,1717,485,819,328,0,13,0,13,370,190,0,13,3.7,4,16.1,6,39.2,9.4,18.7,6.9,0,0.9,0,0.9,8.4,4.2,0,0.9
51,Virginia,VA,51153,Prince William County,51153901409,Census Tract 9014.09; Prince William County; Virginia,0.5377,7.35456356,9046,1032,3015,378,2931,383,674,392,87,86,686,359,474,308,706,301,528,213,2301,367,420,223,204,111,405,249,5254,1166,584,331,0,19,130,112,0,19,137,30,7.6,4.3,1.7,1.7,23.4,11.9,8.1,5.4,7.9,3.3,5.8,2.1,25.4,3.3,4.7,2.3,7,3.7,4.7,2.8,58.1,11.1,19.4,10.7,0,1.3,4.4,3.7,0,1.4,1.5,0.3,0.2391,0.179,0.5638,0.521,0.6269,2.1298,0.3845,0.071,0.7566,0.0587,0.673,0.8465,2.4058,0.4542,0.7667,0.7667,0.7667,0.7684,0,0.8649,0,0.7888,2.4221,0.6004,7.7244,0.5377,0,0,0,0,0,0,0,0,0,0,0,0,0,0,0,0,0,0,0,0,0,20240,12,21,2248,936,1390,340,1067,352,0,19,0,19,549,326,0,19,0.4,0.7,24.9,8.4,15.4,4.1,11.8,4,0,0.4,0,0.4,6.1,3.6,0,0.4
51,Virginia,VA,51153,Prince William County,51153901411,Census Tract 9014.11; Prince William County; Virginia,0.1351,3.96130652,6030,483,1997,161,1964,160,295,163,109,70,291,165,147,93,78,75,850,154,1650,220,429,120,31,29,33,78,2288,638,60,84,0,19,0,26,13,20,46,2,4.9,2.7,3.6,2.3,14.8,8.3,3.9,2.4,1.3,1.3,14.1,2.5,27.4,2.7,7.2,2,1.6,1.5,0.6,1.4,37.9,10.1,3.1,4.2,0,2,0,1.3,0.7,1,0.8,0.1,0.148,0.4732,0.2456,0.2508,0.0633,1.1809,0.1282,0.3905,0.8474,0.1882,0.1522,0.4329,2.0112,0.2114,0.5265,0.5265,0.5265,0.4595,0,0,0.1221,0.7363,1.3179,0.2095,5.0365,0.1351,0,0,0,0,0,0,0,0,0,0,0,0,0,0,0,0,0,0,0,0,0,4344,58,50,281,92,786,228,916,181,0,19,0,19,288,167,17,36,3,2.6,4.7,1.4,13,3.7,15.2,3,0,0.7,0,0.7,4.8,2.7,0.3,0.6
51,Virginia,VA,51153,Prince William County,51153901412,Census Tract 9014.12; Prince William County; Virginia,0.105,1.477609265,7753,917,2193,238,2193,238,278,200,131,105,156,96,63,58,287,222,309,179,2573,419,509,209,42,42,25,84,2834,1218,0,26,15,26,48,48,68,95,0,19,3.6,2.5,3.2,2.5,7.1,4.3,1.4,1.2,3.7,2.9,4,2.3,33.2,3.4,6.6,2.7,1.9,1.9,0.4,1.2,36.6,15.1,0,1.2,0.7,1.2,2.2,2.2,3.1,4.2,0,0.2,0.0976,0.4135,0.0574,0.0811,0.2654,0.915,0.0777,0.0341,0.9691,0.1521,0.1869,0.3707,1.7129,0.1073,0.5067,0.5067,0.5067,0,0.5784,0.6772,0.4024,0,1.658,0.3076,4.7926,0.105,0,0,0,0,0,0,0,1,0,0,0,1,0,0,0,0,0,0,0,0,1,3401,56,90,689,213,922,301,643,317,0,19,0,19,495,308,85,102,2.6,4,8.9,3,11.9,3.9,8.3,4.1,0,0.5,0,0.5,6.4,3.9,1.1,1.3
51,Virginia,VA,51153,Prince William County,51153901413,Census Tract 9014.13; Prince William County; Virginia,0.2911,0.7570383,4425,445,1293,182,1293,182,87,84,173,100,95,52,109,66,152,81,236,55,1434,241,416,205,128,63,109,97,1852,544,0,18,8,12,18,20,12,17,0,13,2,1.9,6.9,3.9,7.3,3.9,4.2,2.5,3.5,1.9,5.3,1.2,32.4,3.8,9.5,4.4,9.9,4.7,2.6,2.3,41.9,11.5,0,1.4,0.6,0.9,1.4,1.5,0.9,1.3,0,0.3,0.0356,0.8071,0.0638,0.2748,0.2464,1.4277,0.1837,0.0586,0.9594,0.3486,0.8201,0.7308,2.9175,0.7771,0.5772,0.5772,0.5772,0,0.5687,0.5634,0.1568,0,1.2889,0.2003,6.2113,0.2911,0,0,0,0,0,0,0,1,0,0,0,1,0,0,0,0,0,0,0,0,1,1878,0,13,172,112,684,233,660,224,31,27,0,13,305,128,0,13,0,3,3.9,2.5,15.5,4.7,14.9,4.7,0.7,0.6,0,0.9,6.9,2.8,0,0.9
51,Virginia,VA,51153,Prince William County,51153901414,Census Tract 9014.14; Prince William County; Virginia,0.0801,2.836153168,5466,600,1633,137,1609,133,208,96,112,84,95,52,120,70,242,124,920,117,1448,336,495,150,41,29,157,132,2068,819,0,26,0,19,0,26,11,18,0,19,3.8,1.7,4,2.9,5.9,3.2,3.2,1.9,4.4,2.3,16.8,2.7,26.5,4.3,9.1,2.8,2.5,1.8,2.9,2.4,37.8,14.4,0,1.6,0,2.4,0,1.6,0.7,1.1,0,0.3,0.1041,0.5282,0.0389,0.2042,0.3255,1.2009,0.1314,0.5376,0.8128,0.3209,0.259,0.7547,2.685,0.6351,0.5251,0.5251,0.5251,0,0,0,0.1221,0,0.1221,0.0162,4.5331,0.0801,0,0,0,0,0,0,0,0,0,0,0,0,0,0,0,0,0,0,0,0,0,2741,80,36,630,262,601,232,535,126,0,19,0,19,302,175,0,19,5,2.3,11.5,4.5,11,4.2,9.8,2.6,0,0.7,0,0.7,5.5,3.2,0,0.7
51,Virginia,VA,51153,Prince William County,51153901415,Census Tract 9014.15; Prince William County; Virginia,0.0398,1.218012813,4403,703,1426,268,1367,278,0,13,127,171,93,66,94,81,109,77,330,142,1372,296,181,101,39,46,57,75,1472,923,0,18,0,13,7,16,0,13,0,13,0,0.3,5,6.4,6.8,4.6,3.5,3.1,2.5,1.7,7.5,3.2,31.2,5,4.1,2.3,2.8,3.3,1.4,1.8,33.4,20.3,0,1.3,0,2.8,0.5,1.1,0,2.9,0,0.3,0,0.6531,0.0527,0.2245,0.1553,1.0856,0.1078,0.1199,0.9447,0.0402,0.2993,0.5901,1.9942,0.2012,0.4527,0.4527,0.4527,0,0,0.3885,0,0,0.3885,0.0338,3.921,0.0398,0,0,0,0,0,0,0,1,0,0,0,1,0,0,0,0,0,0,0,0,1,2314,25,24,355,98,598,324,350,152,0,13,0,13,169,83,0,13,1.8,1.9,8.1,2.4,13.6,6.6,7.9,3.1,0,0.9,0,0.9,3.8,1.9,0,0.9
51,Virginia,VA,51153,Prince William County,51153901416,Census Tract 9014.16; Prince William County; Virginia,0.0879,1.430170071,5143,1255,1437,231,1385,235,991,1216,70,41,304,240,48,34,102,79,179,74,1939,788,186,73,13,18,85,90,1901,1776,0,26,0,19,13,24,15,18,0,19,19.3,23.2,2.6,1.5,21.9,16.9,1.7,1.2,2,1.6,3.5,1.6,37.7,7.1,3.6,1.7,0.9,1.3,1.8,1.9,37,33.3,0,1.8,0,2.7,0.9,1.7,1.1,1.3,0,0.4,0.6272,0.321,0.5079,0.101,0.1147,1.6718,0.255,0.0286,0.9922,0.0277,0.0893,0.6464,1.7842,0.1318,0.5145,0.5145,0.5145,0,0,0.469,0.1809,0,0.6499,0.0666,4.6204,0.0879,0,0,0,0,0,0,0,1,0,0,0,1,0,0,0,0,0,0,0,0,1,2490,9,14,565,117,635,134,465,117,32,39,0,19,196,114,8,14,0.6,1,11,3.8,12.3,3.9,9,3.3,0.6,0.8,0,0.8,3.8,2.3,0.2,0.3
51,Virginia,VA,51153,Prince William County,51153901417,Census Tract 9014.17; Prince William County; Virginia,0.1948,17.53950961,2914,310,1109,136,1029,151,227,153,22,22,184,86,116,61,157,123,417,67,676,184,248,130,108,79,52,66,820,427,0,18,0,13,23,25,4,8,0,13,7.8,5.2,1.2,1.2,17.9,7.9,5.6,2.9,5.4,4.1,14.3,2.6,23.2,5.4,8.5,4.3,10.5,7.5,1.9,2.4,28.1,14.3,0,1.6,0,3.5,2.3,2.2,0.4,0.8,0,0.4,0.2456,0.1105,0.364,0.3716,0.4249,1.5166,0.2115,0.4039,0.6233,0.2797,0.8423,0.6574,2.8066,0.7132,0.379,0.379,0.379,0,0,0.6896,0.0907,0,0.7803,0.0846,5.4825,0.1948,0,0,0,0,0,0,0,0,0,0,0,0,0,0,0,0,0,0,0,0,0,5015,72,53,208,124,410,209,96,88,4,7,0,13,102,77,0,13,7,5.2,7.1,4.2,14.1,6.8,3.3,3,0.1,0.2,0,1.4,3.5,2.6,0,1.4
51,Virginia,VA,51153,Prince William County,51153901418,Census Tract 9014.18; Prince William County; Virginia,0.7186,1.519538398,4256,972,1797,404,1615,413,573,376,57,67,302,126,616,282,850,408,336,208,1036,257,309,219,129,95,713,339,3553,994,1156,409,0,13,184,132,24,37,0,13,13.5,8.3,2,2.6,18.7,6.2,22.6,10.1,20.1,10.6,7.9,4.4,24.3,4.8,7.3,4.7,8,5.5,18.7,7.9,83.5,13.5,64.3,17.6,0,2.2,11.3,6.9,1.5,2.4,0,0.3,0.4644,0.2243,0.3941,0.9456,0.9653,2.9937,0.6516,0.1296,0.6883,0.1937,0.7336,0.9908,2.736,0.6711,0.9451,0.9451,0.9451,0.9556,0,0.9829,0.2354,0,2.1739,0.506,8.8487,0.7186,0,0,0,1,1,2,0,0,0,0,1,1,1,1,1,0,1,0,0,2,6,3410,86,68,1520,807,1853,696,39,101,0,13,0,13,141,107,0,13,5.3,4.7,35.7,14.2,43.5,14.4,0.9,2.4,0,0.9,0,0.9,3.3,2.6,0,0.9
51,Virginia,VA,51153,Prince William County,51153901419,Census Tract 9014.19; Prince William County; Virginia,0.864,0.215033717,3837,604,1404,169,1349,146,1326,650,19,27,649,228,586,293,733,344,190,84,1373,347,201,108,118,85,835,406,3343,649,493,179,0,13,87,71,79,68,0,13,34.6,16,1,1.5,48.1,16.1,25.8,11.2,19.2,7.7,5,2.3,35.8,5.3,5.3,2.9,8.7,6.2,24.8,11.4,87.1,9.9,35.1,12,0,2.8,6.4,5,5.9,5.1,0,0.3,0.8936,0.0897,0.9514,0.9719,0.9584,3.865,0.8959,0.0535,0.9852,0.0814,0.7687,0.9963,2.8851,0.7581,0.9631,0.9631,0.9631,0.884,0,0.932,0.6341,0,2.4501,0.6129,10.1633,0.864,0,0,1,1,1,3,0,1,0,0,1,2,1,1,0,0,1,0,0,1,7,972,96,81,724,326,2264,568,274,159,0,13,0,13,81,83,0,13,7.1,5.8,18.9,7.4,59,10.8,7.1,4.2,0,1,0,1,2.1,2.1,0,1
51,Virginia,VA,51153,Prince William County,51153901420,Census Tract 9014.20; Prince William County; Virginia,0.1157,1.14574031,4328,477,1099,87,1099,87,198,176,50,58,78,72,149,112,194,156,216,90,1635,320,145,80,33,38,182,149,1892,627,0,18,0,13,33,59,1,22,0,13,4.6,4,2.4,2.7,7.1,6.5,6.3,4.6,4.5,3.5,5,2.1,37.8,4.4,3.4,1.9,3,3.4,4.5,3.6,43.7,13.7,0,1.6,0,3.6,3,5.4,0.1,2,0,0.3,0.1351,0.2886,0.0574,0.4182,0.3333,1.2326,0.1388,0.0535,0.9926,0.0231,0.3159,0.84,2.2251,0.3298,0.6003,0.6003,0.6003,0,0,0.7613,0.0823,0,0.8436,0.0957,4.9016,0.1157,0,0,0,0,0,0,0,1,0,0,0,1,0,0,0,0,0,0,0,0,1,3481,22,25,784,379,577,281,426,137,0,13,0,13,105,123,0,13,2,2.2,18.1,7.8,13.3,6.2,9.8,3.5,0,0.9,0,0.9,2.4,2.8,0,0.9
51,Virginia,VA,51153,Prince William County,51153901421,Census Tract 9014.21; Prince William County; Virginia,0.2119,5.426060905,5416,1071,1382,202,1367,203,106,126,213,122,52,61,124,75,147,94,286,53,1941,650,226,113,64,62,153,188,2265,1234,22,28,0,19,0,26,21,33,39,8,2,2.3,7.2,3.9,3.8,4.4,4.2,2.6,2.7,1.8,5.3,1.5,35.8,5.6,4.2,2.3,4.7,4.5,3.2,3.9,41.8,21.2,1.6,2,0,2.8,0,1.9,1.5,2.5,0.7,0.1,0.0356,0.8247,0.0162,0.2748,0.1738,1.3251,0.162,0.0586,0.9852,0.0439,0.5028,0.769,2.3595,0.4223,0.5754,0.5754,0.5754,0.3971,0,0,0.2354,0.7229,1.3554,0.2179,5.6154,0.2119,0,0,0,0,0,0,0,1,0,0,0,1,0,0,0,0,0,0,0,0,1,16239,0,19,611,272,1079,965,417,200,0,19,0,19,158,157,0,19,0,2.9,11.3,5.5,19.9,15,7.7,4.1,0,0.7,0,0.7,2.9,3,0,0.7
51,Virginia,VA,51153,Prince William County,51153901503,Census Tract 9015.03; Prince William County; Virginia,0.0629,31.43147578,5327,407,1967,131,1860,138,127,90,83,72,157,71,143,77,289,163,1003,226,1363,221,549,125,63,50,10,75,1226,627,0,26,0,19,9,22,0,19,0,19,2.4,1.7,2.8,2.4,8.4,3.8,3.8,2,5.4,3,18.8,3.7,25.6,3.3,10.3,2.3,3.4,2.7,0.2,1.5,23,11.6,0,1.3,0,2,0.5,1.1,0,2.1,0,0.4,0.0504,0.3483,0.0809,0.2448,0.4249,1.1493,0.1212,0.6178,0.7699,0.4027,0.3585,0.3043,2.4532,0.4833,0.2983,0.2983,0.2983,0,0,0.3885,0,0,0.3885,0.0338,4.2893,0.0629,0,0,0,0,0,0,0,0,0,0,0,0,0,0,0,0,0,0,0,0,0,7400,103,51,175,134,375,146,336,100,0,19,16,27,310,158,14,23,5.5,2.8,3.3,2.5,7,2.7,6.3,2,0,0.7,0.3,0.5,5.8,3,0.3,0.4
51,Virginia,VA,51153,Prince William County,51153901504,Census Tract 9015.04; Prince William County; Virginia,0.3614,3.240280726,4756,605,2655,309,2560,308,117,97,87,70,438,155,72,53,51,51,3045,399,455,283,1121,208,173,129,38,73,1339,758,346,96,0,13,0,18,67,42,141,2,2.5,2.1,6.3,5,17.1,5.7,1.7,1.2,1.1,1.1,64,7.9,9.6,5.2,24.3,5.4,6.7,5,0.8,1.6,28.2,15.5,13,3.3,0,1.5,0,0.7,2.6,1.7,3,0.4,0.0537,0.7729,0.3326,0.101,0.0476,1.3078,0.1569,0.9982,0.0521,0.9417,0.6522,0.4818,3.126,0.8691,0.3808,0.3808,0.3808,0.6916,0,0,0.3552,0.8543,1.9011,0.3922,6.7157,0.3614,0,0,0,0,0,0,1,0,1,0,0,2,0,0,0,0,0,0,0,0,2,3031,201,79,672,466,205,267,369,186,0,13,0,13,93,113,0,13,7.9,3.3,14.1,9,4.3,5.4,7.8,3.7,0,0.8,0,0.8,2,2.4,0,0.8
51,Virginia,VA,51153,Prince William County,51153901505,Census Tract 9015.05; Prince William County; Virginia,0.1754,2.681717773,7237,762,2179,189,2179,189,358,294,216,165,155,93,166,111,661,413,809,139,1616,253,513,192,120,79,182,125,2444,1107,0,26,29,44,0,26,15,23,0,19,4.9,4,5.3,3.7,7.1,4.2,3.7,2.5,9.2,5.4,11.2,2.2,22.3,3.7,7.1,2.8,5.5,3.6,2.6,1.8,33.8,14.9,0,1.2,1.3,2,0,1.2,0.7,1,0,0.3,0.148,0.6873,0.0574,0.237,0.7115,1.8412,0.3036,0.2577,0.5666,0.1835,0.5717,0.7308,2.3103,0.3844,0.4597,0.4597,0.4597,0,0.6269,0,0.1221,0,0.749,0.0791,5.3602,0.1754,0,0,0,0,0,0,0,0,0,0,0,0,0,0,0,0,0,0,0,0,0,6956,33,50,322,212,556,191,1231,393,0,19,0,19,335,184,0,19,1.5,2.3,4.4,3,7.7,2.6,17,5.5,0,0.6,0,0.6,4.6,2.5,0,0.6
51,Virginia,VA,51153,Prince William County,51153901506,Census Tract 9015.06; Prince William County; Virginia,0.2702,0.807082524,7010,1503,1870,315,1811,317,513,314,13,16,127,72,253,134,891,775,397,137,2017,544,294,139,160,109,385,193,4293,1694,0,26,0,19,92,91,3,7,0,19,7.3,4.2,0.3,0.4,7,3.8,6.2,3.3,12.7,9.7,5.7,2.2,28.8,4.5,4.2,1.8,8.9,5.8,5.9,2.7,61.2,20.3,0,1.4,0,2.1,5.1,4.8,0.2,0.4,0,0.3,0.228,0.0393,0.056,0.4108,0.8581,1.5922,0.2304,0.0687,0.894,0.0439,0.7817,0.8801,2.6684,0.6226,0.8022,0.8022,0.8022,0,0,0.8913,0.0828,0,0.9741,0.1212,6.0369,0.2702,0,0,0,0,0,0,0,0,0,0,0,0,0,0,0,0,0,0,0,0,0,1691,54,51,1579,893,1215,887,1123,324,0,19,0,19,363,272,13,20,3,2.9,22.5,10.6,17.3,10.9,16,5.8,0,0.6,0,0.6,5.2,3.7,0.2,0.3
51,Virginia,VA,51153,Prince William County,51153901507,Census Tract 9015.07; Prince William County; Virginia,0.2503,1.238404404,2874,296,981,65,911,75,235,110,55,24,142,45,63,26,146,115,209,61,834,149,223,57,60,26,117,89,1366,341,17,15,0,13,0,18,0,13,7,3,8.2,3.7,3,1.3,15.6,4.8,3.7,1.5,5.1,3.7,7.3,2,29,4.1,7.8,2.1,6.6,2.8,4.5,3.4,47.5,10.8,1.7,1.5,0,4,0,1.8,0,4.3,0.2,0.1,0.2567,0.3848,0.2803,0.237,0.3925,1.5513,0.2221,0.1116,0.9,0.2307,0.6475,0.84,2.7298,0.6674,0.6561,0.6561,0.6561,0.4027,0,0,0,0.5606,0.9633,0.1184,5.9005,0.2503,0,0,0,0,0,0,0,1,0,0,0,1,0,0,0,0,0,0,0,0,1,4008,12,11,268,125,603,224,257,88,0,13,0,13,143,63,95,115,1.3,1.2,9.3,4.2,21,6.6,8.9,2.9,0,1.4,0,1.4,5,2.2,3.3,3.9
51,Virginia,VA,51153,Prince William County,51153901508,Census Tract 9015.08; Prince William County; Virginia,0.6317,3.100111028,5770,668,1854,123,1802,127,710,422,125,70,453,147,216,100,410,141,494,134,1563,330,304,127,62,43,224,157,3196,744,319,113,22,28,49,56,124,86,0,19,12.3,7.2,3.9,2.1,25.1,8,6,2.6,7.1,2.3,8.6,1.9,27.1,3.4,5.3,2,3.5,2.4,4.3,3,55.4,11.2,17.3,6,1.2,1.5,2.7,3,6.9,4.6,0,0.3,0.4218,0.5153,0.6119,0.397,0.5622,2.5082,0.5049,0.1503,0.8336,0.0814,0.3696,0.8313,2.2662,0.3538,0.7372,0.7372,0.7372,0.7462,0.619,0.7322,0.6804,0,2.7778,0.7419,8.2894,0.6317,0,0,0,0,0,0,0,0,0,0,0,0,0,0,0,0,0,0,0,0,0,4663,44,53,863,322,735,226,1311,466,0,19,0,19,263,190,24,41,2.4,2.9,15,5.2,12.7,3.8,22.7,6.6,0,0.7,0,0.7,4.6,3.2,0.4,0.7
51,Virginia,VA,51153,Prince William County,51153901509,Census Tract 9015.09; Prince William County; Virginia,0.1027,24.07207398,7727,1271,2396,247,2350,257,311,312,80,91,120,66,132,83,1100,903,669,182,2293,781,562,191,79,71,138,187,2777,1615,17,23,0,19,0,26,35,40,1,3,4,4,1.9,2.1,5.1,2.8,2.8,1.7,14.2,9.8,8.7,2.8,29.7,6.1,7.3,2.1,3.4,3,1.9,2.5,35.9,20,0.7,1,0,1.7,0,1.1,1.5,1.7,0,0,0.1129,0.2077,0.0287,0.1789,0.8927,1.4209,0.1823,0.1544,0.9184,0.1937,0.3585,0.6574,2.2824,0.3663,0.497,0.497,0.497,0.3403,0,0,0.2354,0,0.5757,0.056,4.776,0.1027,0,0,0,0,0,0,0,1,0,0,0,1,0,0,0,0,0,0,0,0,1,2889,83,76,716,372,1014,592,456,207,0,19,0,19,581,293,10,16,3.5,3.1,9.3,4.3,13.1,7.1,5.9,2.7,0,0.5,0,0.5,7.5,4.2,0.1,0.2
51,Virginia,VA,51153,Prince William County,51153901510,Census Tract 9015.10; Prince William County; Virginia,0.0453,3.064126322,6476,511,2132,179,2089,184,168,159,57,45,101,52,86,71,131,83,651,111,1910,252,416,138,115,74,48,77,2280,679,15,15,0,19,10,25,0,19,0,19,2.6,2.5,1.7,1.4,4.8,2.5,2.1,1.7,2,1.3,10.1,1.8,29.5,3,6.5,2.2,5.5,3.5,0.8,1.3,35.2,10.1,0.7,0.7,0,1.9,0.5,1.2,0,1.9,0,0.3,0.0583,0.179,0.0245,0.1268,0.1147,0.5033,0.0231,0.2075,0.9152,0.1479,0.5717,0.4818,2.3241,0.3964,0.4859,0.4859,0.4859,0.3403,0,0.3885,0,0,0.7288,0.0763,4.0421,0.0453,0,0,0,0,0,0,0,1,0,0,0,1,0,0,0,0,0,0,0,0,1,2187,53,46,507,192,636,308,715,310,0,19,0,19,422,225,0,19,2.5,2.2,7.8,2.9,9.8,4.7,11,4.5,0,0.6,0,0.6,6.5,3.5,0,0.6
51,Virginia,VA,51153,Prince William County,51153901511,Census Tract 9015.11; Prince William County; Virginia,0.0722,3.193339989,4381,348,1748,129,1699,139,70,58,29,32,135,67,77,51,81,43,1470,196,1014,149,547,157,11,20,55,60,838,574,227,86,0,13,0,18,19,22,0,13,1.6,1.3,1.8,2.1,7.9,3.9,2.4,1.6,1.9,1,33.6,4.7,23.1,2.8,12.5,3.5,0.6,1.2,1.3,1.4,19.1,13,13,4.8,0,2.3,0,1,1.1,1.3,0,0.3,0.0194,0.1938,0.0726,0.1517,0.1012,0.5387,0.0259,0.9728,0.6173,0.5372,0.0624,0.5731,2.7628,0.6859,0.2361,0.2361,0.2361,0.6916,0,0,0.1809,0,0.8725,0.1022,4.4101,0.0722,0,0,0,0,0,0,1,0,0,0,0,1,0,0,0,0,0,0,0,0,1,4163,113,92,182,161,254,157,294,150,0,13,0,13,108,91,0,13,6.7,5.3,4.2,3.6,5.8,3.7,6.7,3.6,0,0.9,0,0.9,2.5,2.1,0,0.9
51,Virginia,VA,51153,Prince William County,51153901601,Census Tract 9016.01; Prince William County; Virginia,0.9477,0.868537221,4688,966,1159,99,1047,125,1071,691,82,58,339,147,695,266,1105,410,629,203,1550,538,419,165,112,92,445,206,3703,1000,96,50,0,13,80,67,50,50,42,2,23.2,14.2,4.2,3.1,32.4,13.5,23.9,8.9,23.8,7.6,13.4,4,33.1,6.4,9,3.7,10.7,8.7,10.5,4.4,79,13.8,8.2,4.3,0,3.4,7.6,5.7,4.8,4.7,0.9,0.2,0.722,0.5527,0.778,0.9571,0.9847,3.9945,0.9213,0.3592,0.9686,0.3121,0.8506,0.9567,3.4472,0.9561,0.9235,0.9235,0.9235,0.6043,0,0.95,0.5564,0.7437,2.8544,0.7664,11.2196,0.9477,0,0,0,1,1,2,0,1,0,0,1,2,1,1,0,0,1,0,0,1,6,3641,65,44,89,87,3111,980,400,337,0,13,0,13,74,66,29,44,6.2,4.2,1.9,1.9,66.4,9.8,8.5,7,0,0.8,0,0.8,1.6,1.4,0.6,1
51,Virginia,VA,51153,Prince William County,51153901602,Census Tract 9016.02; Prince William County; Virginia,0.5257,1.833470984,8377,1097,2617,315,2617,315,846,701,73,74,637,251,860,291,1112,396,724,162,2102,363,576,235,90,88,737,323,5775,1399,392,243,0,19,52,82,45,57,0,19,10.2,8.3,1.5,1.5,24.3,9.1,16.1,5.4,13.3,4.6,8.6,2.1,25.1,3,6.9,2.6,3.5,3.3,9.5,3.9,68.9,14.1,15,9.1,0,1.5,2,3.1,1.7,2.2,0,0.2,0.3404,0.1577,0.5893,0.8359,0.8724,2.7957,0.5914,0.1503,0.7354,0.1724,0.3696,0.9447,2.3724,0.4292,0.8608,0.8608,0.8608,0.7175,0,0.6531,0.2609,0,1.6315,0.2979,7.6604,0.5257,0,0,0,0,0,0,0,0,0,0,1,1,0,0,0,0,0,0,0,0,1,9912,54,55,1207,434,4164,1033,377,213,0,19,0,19,0,19,27,44,2.1,2.1,14.4,5.8,49.7,9.4,4.5,2.7,0,0.5,0,0.5,0,0.5,0.3,0.5
51,Virginia,VA,51153,Prince William County,51153901702,Census Tract 9017.02; Prince William County; Virginia,0.9107,0.62241264,4641,793,1285,196,1243,193,791,315,292,193,276,109,944,286,1486,582,361,109,1278,369,510,217,107,70,880,289,3456,932,0,18,202,72,180,107,81,72,0,13,17.1,6.2,12.1,6.8,22.2,8.1,35.1,8.5,32.4,9.6,7.8,2.1,27.5,5.4,11.1,4.1,8.6,5.5,20.1,5.6,74.5,15.5,0,1.4,15.7,5.8,14.5,8,6.5,5.8,0,0.3,0.5731,0.9524,0.5217,0.9959,0.9972,4.0403,0.9264,0.1268,0.8534,0.4512,0.765,0.9926,3.189,0.8964,0.8917,0.8917,0.8917,0,0.8849,0.994,0.6619,0,2.5408,0.6457,10.6618,0.9107,0,1,0,1,1,3,0,0,0,0,1,1,0,0,0,0,1,0,0,1,5,2619,101,63,84,54,3120,579,135,117,0,13,0,13,117,87,0,13,8.1,5,1.8,1.2,67.2,8.9,2.9,2.4,0,0.9,0,0.9,2.5,1.7,0,0.9
51,Virginia,VA,51153,Prince William County,51153901703,Census Tract 9017.03; Prince William County; Virginia,0.2545,0.537379466,2418,333,711,60,672,75,80,79,0,13,149,81,399,140,492,292,235,60,598,71,134,74,14,27,199,108,1651,400,0,18,0,13,0,18,21,34,0,13,3.3,3.3,0,2.9,22.2,11.8,24.9,7.4,20.3,9.5,9.7,1.9,24.7,2.7,5.5,2.9,2.1,4,8.6,4.5,68.3,13.6,0,2.5,0,5.5,0,2.5,3.1,4.9,0,0.5,0.0842,0,0.5217,0.9663,0.9672,2.5394,0.516,0.1927,0.7105,0.0915,0.2105,0.9336,2.1388,0.2803,0.8575,0.8575,0.8575,0,0,0,0.4024,0,0.4024,0.0365,5.9381,0.2545,0,0,0,1,1,2,0,0,0,0,1,1,0,0,0,0,0,0,0,0,3,1052,30,24,116,115,1328,296,198,174,4,12,0,13,0,13,5,11,4.5,3.6,4.8,4.7,54.9,7,8.2,7.1,0.2,0.5,0,1.6,0,1.6,0.2,0.5
51,Virginia,VA,51153,Prince William County,51153901704,Census Tract 9017.04; Prince William County; Virginia,0.9426,0.690299411,6582,1264,2126,204,1937,188,1107,444,257,150,728,246,1067,489,2577,971,738,343,1860,613,593,289,146,135,1930,647,5858,1291,771,221,0,19,134,108,86,83,5,4,17.5,6.4,6.8,4.4,37.6,12.2,24.8,8.6,39.2,10.6,11.2,6.1,28.3,5.3,9,5.3,7.6,6.9,32.9,9.2,89,9.6,36.3,9.8,0,1.9,6.9,5,4.4,4.4,0.1,0.1,0.5823,0.8011,0.852,0.964,0.9995,4.1989,0.9472,0.2577,0.876,0.3121,0.7142,0.9986,3.1586,0.8834,0.9682,0.9682,0.9682,0.8904,0,0.9413,0.5245,0.4675,2.8237,0.759,11.1494,0.9426,0,0,0,1,1,2,0,0,0,0,1,1,1,1,0,0,1,0,0,1,5,3830,298,147,493,149,4260,1451,1036,497,5,10,0,19,64,72,0,19,15.4,7.4,7.5,2.9,64.7,11.6,15.7,8.6,0.1,0.2,0,0.6,1,1.1,0,0.6
51,Virginia,VA,51153,Prince William County,51153901900,Census Tract 9019; Prince William County; Virginia,0.913,2.00629024,7729,935,2378,204,2317,186,1329,703,122,103,737,255,1036,491,2010,736,573,140,2323,430,452,233,364,230,876,416,6023,1046,889,260,10,20,158,117,33,39,9,4,17.2,8.9,2.8,2.3,31.8,10.7,23,9.5,26.1,8.1,7.4,2.1,30.1,3,5.9,3.2,15.7,9.8,12.5,5.7,77.9,9.7,37.4,10.5,0.4,0.8,6.8,4.9,1.4,1.7,0.1,0.1,0.5754,0.3483,0.771,0.9511,0.9884,3.6342,0.8436,0.1153,0.9272,0.116,0.9385,0.97,3.067,0.8446,0.9175,0.9175,0.9175,0.8951,0.5497,0.9389,0.2211,0.4675,3.0723,0.8316,10.691,0.913,0,0,0,1,1,2,0,1,0,1,1,3,1,1,0,0,1,0,0,1,7,3483,72,62,1045,599,3791,1177,873,298,27,41,0,19,287,213,0,19,3.1,2.7,13.5,8.1,49,11.6,11.3,4.4,0.3,0.5,0,0.5,3.7,2.8,0,0.5
51,Virginia,VA,51153,Prince William County,51153980100,Census Tract 9801; Prince William County; Virginia,,32.61459617,0,13,0,13,0,13,0,13,0,13,0,26,0,13,0,13,0,13,0,13,0,13,0,18,0,52,0,18,0,18,0,13,0,18,0,13,0,13,-999,-999,-999,-999,-999,-999,-999,-999,-999,-999,-999,-999,-999,-999,-999,-999,-999,-999,-999,-999,-999,-999,-999,-999,-999,-999,-999,-999,-999,-999,-999,-999,-999,-999,-999,-999,-999,-999,-999,-999,-999,-999,-999,-999,-999,-999,-999,-999,-999,-999,-999,-999,-999,-999,-999,-999,-999,-999,-999,-999,-999,-999,-999,-999,-999,-999,-999,-999,-999,-999,-999,-999,-999,-999,-999,-999,-999,-999,-999,316,0,13,0,13,0,13,0,13,0,13,0,13,0,13,0,13,-999,-999,-999,-999,-999,-999,-999,-999,-999,-999,-999,-999,-999,-999,-999,-999
