ID,PEOPCOLORPCT,LOWINCPCT,UNEMPPCT,DISABILITYPCT,LINGISOPCT,LESSHSPCT,UNDER5PCT,OVER64PCT,LIFEEXPPCT,PRE1960PCT,PM25,OZONE,DSLPM,RSEI_AIR,PTRAF,PTSDF,UST,PWDIS,NO2,DWATER,PNPL,PRMP,E_TOTPOP,E_HU,E_HH,E_POV150_P,E_UNINSUR_P,E_HBURD_P,E_SNGPNT_P,E_MUNIT_P,E_MOBILE_P,E_CROWD_P,E_NOVEH_P,E_GROUPQ_P,SVI_statewide,House_Vacant_P,With_Medicaid_P,Work_Drivealone_P,Work_Carpooled_P,Work_PublicTransportation_P,Work_Walk_P,Work_Taximotorbike_P,Work_Fromhome_P,With_PublicAssIncome_P,With_SSI_P,Mean_Transportation_time(min),Mean_Proportion_HHIncome,Owner_occupied_P
51153900100,0.501236858,0.07668522,0.006586826,0.095916429,0.033354715,0.044565217,0.0572047,0.299319728,0.182564103,0.045257285,7.117336885,55.85079,0.17022229,58.79563204,1048284.539,0.535742038,0.55291834,2955.696985,5.941893021,0.0,0.150438512,0.199625414,3234,1613,1559,0.03153988868274583,0.06184291898577613,0.11610006414368185,0.007697241821680564,0.2758834469931804,0.0,0.004490057729313663,0.007055805003207184,0.0,0.1777,0.03347799132052077,0.07027540360873694,0.6146198830409356,0.025730994152046785,0.052046783625730994,0.0,0.07485380116959064,0.2327485380116959,0.02052597819114817,0.05323925593329057,45.510670731707314,0.23687782805429866,0.8401360544217688
51153900201,0.77181483,0.327175698,0.06742281,0.154356846,0.096774194,0.133783784,0.032363785,0.072101598,0.217435897,0.112476371,7.212371585,56.00132,0.246330689,47.18831416,1939166.587,0.506328415,5.158355947,1608.187692,7.430988248,0.0,0.107441159,0.212286876,2441,1058,961,0.2556329373207702,0.11020073740270381,0.3870967741935484,0.09781477627471384,0.3714555765595463,0.0,0.06971904266389178,0.011446409989594173,0.0020483408439164277,0.8996,0.09168241965973535,0.195850622406639,0.6833667334669339,0.10754843019372078,0.016700066800267203,0.015364061456245824,0.0,0.17702070808283232,0.08012486992715921,0.037460978147762745,40.846185064935064,0.3531188118811881,0.5307881773399015
51153900202,0.731086324,0.276915616,0.048494329,0.039678676,0.135111111,0.171480144,0.040979631,0.066440349,0.169230769,0.584518167,7.216208197,55.82964,0.243887459,42.40539441,1942872.958,0.323682439,2.421485001,1481.485726,7.024271642,0.0,0.100379162,0.197936753,4124,1266,1125,0.030310378273520854,0.18574199806013578,0.19377777777777777,0.03822222222222222,0.16192733017377567,0.004739336492890996,0.0,0.012444444444444444,0.0,0.4794,0.11137440758293839,0.1550632911392405,0.7568901686548746,0.12669683257918551,0.009872480460715755,0.0,0.04031262854792267,0.06622788975730153,0.12266666666666666,0.0,35.77643171806167,0.2584862385321101,0.8419010669253152
51153900203,0.889300501,0.301154936,0.042467591,0.100787057,0.143669986,0.191298094,0.095227718,0.057528873,0.206153846,0.10210396,7.197157923,55.83719,0.217923803,45.32269551,1432192.241,0.257901881,1.43282189,1696.97799,7.046775897,0.0,0.10855256,0.0,4589,1616,1406,0.23011549357158423,0.18108520374809325,0.3435277382645804,0.09246088193456614,0.6113861386138614,0.0,0.08463726884779517,0.007823613086770981,0.0013074743952930922,0.9014,0.12995049504950495,0.22584171403585482,0.7672413793103449,0.08113590263691683,0.019269776876267748,0.061866125760649086,0.03600405679513185,0.034482758620689655,0.07610241820768136,0.077524893314367,39.437598321971684,0.3398894154818325,0.10168012219070478
51153900301,0.55638237,0.232398397,0.092181467,0.134315425,0.093147039,0.109263658,0.048368632,0.089009731,0.180512821,0.198136646,7.243385246,56.03626,0.250596623,42.57440461,1980590.732,0.455011814,5.261958187,749.7767363,6.979261768,0.0,0.039346429,0.23544811,3494,1610,1503,0.20950200343445907,0.090440755580996,0.2754491017964072,0.07917498336660013,0.2248447204968944,0.0,0.012641383898868928,0.0552228875582169,0.0,0.7464,0.06645962732919254,0.17215482380127095,0.6170798898071626,0.08925619834710743,0.07272727272727272,0.0765840220385675,0.008815426997245178,0.13553719008264462,0.08848968729208251,0.023286759813705923,37.584448693435306,0.3458955223880597,0.6038923869490556
51153900302,0.69760205,0.289380696,0.00859423,0.098865784,0.066008083,0.171858501,0.048142046,0.064616511,0.180512821,0.015879828,7.232929781,55.79823,0.248440548,40.20947831,1876875.904,0.286848501,2.458813027,839.2163909,7.404631107,0.0,0.0,0.195784515,5463,2330,2227,0.22423576789309904,0.1111111111111111,0.26986977997305794,0.11989223170184105,0.19399141630901287,0.05665236051502146,0.042209250112258644,0.014369106421194431,0.0,0.7987,0.04420600858369099,0.18865784499054822,0.6873347046723479,0.06611813106082869,0.05877167205406994,0.0,0.022039377020276227,0.16573611519247722,0.05568028738212842,0.01706331387516839,43.30398027474463,0.351252052545156,0.537250594911221
51153900403,0.752579008,0.254022989,0.054404946,0.103629496,0.103076923,0.151957209,0.127231046,0.125921074,0.16,0.051192843,7.208924863,55.47455,0.178071521,34.71307642,1311404.74,0.09824936,2.968459601,1223.102014,7.419461825,0.0,0.078182302,0.0,6107,2012,1950,0.19846078270836745,0.07024725724578353,0.3158974358974359,0.015384615384615385,0.20377733598409542,0.0,0.03333333333333333,0.05692307692307692,0.00458490257082037,0.845,0.030815109343936383,0.20578091640663493,0.6299238662694472,0.23932472691161866,0.039390930155577625,0.003641178417742469,0.004303210857332009,0.08341608738828203,0.16615384615384615,0.06,36.82104316546763,0.4896039603960396,0.828096726435269
51153900404,0.85022799,0.354005622,0.089608177,0.08135833,0.199541284,0.218958611,0.052086987,0.081024202,0.164102564,0.053650442,7.205901366,55.28439,0.173518369,32.82387659,1072587.897,0.024933455,1.103061651,1128.579837,6.966819502,0.0,0.102979571,0.0,5702,1808,1744,0.2653454928095405,0.2351806383725009,0.32454128440366975,0.12270642201834862,0.07190265486725664,0.0,0.0389908256880734,0.006880733944954129,0.0007015082427218519,0.894,0.035398230088495575,0.22709586133710646,0.6943198804185351,0.12406576980568013,0.032511210762331835,0.016442451420029897,0.03288490284005979,0.09977578475336323,0.1301605504587156,0.029243119266055047,47.328909166321026,0.37523584905660384,0.7109512109512109
51153900407,0.823247285,0.276343631,0.069092697,0.087767102,0.071365248,0.146657572,0.097898152,0.087318381,,0.044769874,7.202148634,55.18307,0.170696031,29.93241569,960221.5154,0.0,3.055211956,31.74779747,6.265945822,0.0,0.123719695,0.0,7089,2390,2256,0.16786570743405277,0.13189448441247004,0.3497340425531915,0.06382978723404255,0.3903765690376569,0.0,0.11790780141843972,0.014627659574468085,0.0,0.8237,0.05606694560669456,0.2422199913953822,0.722381822930269,0.054844606946983544,0.024027161138678504,0.004439801514755811,0.014886393314181248,0.1794202141551319,0.12056737588652482,0.026595744680851064,43.94493952896244,0.3211585866885785,0.4467484835660883
51153900408,0.674728159,0.068616423,0.033874382,0.081797668,0.091916558,0.101277372,0.131983502,0.069553806,0.178461538,0.061442006,7.191485792,55.15391,0.157985338,29.17011798,816841.4259,0.0,0.0,485.9194125,5.89665489,0.0,0.131832714,0.0,5334,1595,1534,0.05849268841394826,0.12073490813648294,0.13363754889178617,0.03585397653194263,0.0,0.0,0.13233376792698825,0.016297262059973925,0.0,0.391,0.03824451410658307,0.20364798796540054,0.7107919254658385,0.11451863354037267,0.024456521739130436,0.009704968944099378,0.009704968944099378,0.13082298136645962,0.1290743155149935,0.0045632333767926985,45.27020991514069,0.2585616438356164,0.7994000749906262
51153900409,0.858085149,0.121382637,0.024560239,0.104966821,0.091830272,0.234729494,0.029982011,0.121726964,0.206153846,0.0,7.189668306,55.24277,0.160766455,31.51438735,953881.3149,0.0,0.0,1444.887787,6.513326571,0.0,0.113966102,0.0,5003,1603,1579,0.0741555066959824,0.13931641015390767,0.19189360354654844,0.026599113362887904,0.0,0.0,0.013932868904369854,0.022799240025332488,0.0,0.3994,0.014971927635683094,0.09712447214960788,0.6867142371729528,0.15970098538905877,0.010873258579680599,0.0,0.05946313285762827,0.08324838600067958,0.060797973400886635,0.011399620012666244,41.330615270570796,0.3534383954154728,0.732560463721767
51153900410,0.882193176,0.307248345,0.050169109,0.051912568,0.071703561,0.068422482,0.108300798,0.038872857,0.176410256,0.014905149,7.158474044,55.32373,0.176123879,36.39436334,1318504.531,0.042028269,1.822891019,2210.774855,7.097802327,0.0,0.234565584,0.0,5891,2214,2078,0.14904090986250212,0.15803768460363266,0.27382098171318575,0.17083734359961503,0.5460704607046071,0.032520325203252036,0.07459095283926853,0.01010587102983638,0.0,0.8029,0.06142728093947606,0.13319672131147542,0.7300669506999391,0.030127814972611078,0.11077297626293366,0.014303104077906269,0.04625684723067559,0.06847230675593427,0.04379210779595765,0.01588065447545717,40.224599803985626,0.31162687886825824,0.47733831268035987
51153900502,0.695422535,0.155176005,0.053894183,0.061759729,0.033806957,0.045620952,0.075899844,0.087050078,0.176410256,0.0,7.152292077,55.49733,0.211705209,44.85417152,1523818.995,0.20549711,2.088257473,2471.517405,7.548125292,0.0,0.220695041,0.0,5112,2130,2041,0.053794992175273865,0.047339593114241005,0.2724154826065654,0.025477707006369428,0.3807511737089202,0.0,0.030377266046055854,0.03576678098971093,0.02543035993740219,0.5664,0.04178403755868545,0.15820642978003385,0.6334519572953736,0.0870268521514073,0.06664509867356842,0.0038822387576835974,0.050145583953413134,0.15884826916855388,0.08721215090641843,0.02792748652621264,42.03076923076923,0.3007116620752985,0.48414291449217184
51153900503,0.862150144,0.215890411,0.075921909,0.067859022,0.084621644,0.209232097,0.092074287,0.090504839,0.164102564,0.136470588,7.193168306,55.66076,0.217562229,42.095928,1907799.483,0.226708482,1.263350919,2006.137798,7.477478341,0.0,0.12830849,0.0,3823,1275,1229,0.14935914203505102,0.1420350510070625,0.23840520748576077,0.05614320585842148,0.40705882352941175,0.0,0.06834825061025224,0.007323026851098454,0.0,0.7894,0.03607843137254902,0.22567069963177275,0.6264044943820225,0.16900749063670412,0.0351123595505618,0.027153558052434457,0.06835205992509363,0.07397003745318352,0.014646053702196907,0.0,46.74418604651163,0.32633763837638374,0.6984043944546168
51153900504,0.86316204,0.468972332,0.19214798,0.126009057,0.212274368,0.236950549,0.050009844,0.111045481,0.164102564,0.120310479,7.177772131,55.69278,0.217556775,45.25113794,1365936.922,0.230626832,2.15025423,2152.487718,7.118523772,0.0,0.110172242,0.0,5079,1546,1385,0.38472140185075804,0.251624335499114,0.41660649819494583,0.0851985559566787,0.2128072445019405,0.16882276843467012,0.06425992779783393,0.0332129963898917,0.0,0.9903,0.10413971539456662,0.2535932270131916,0.6935946462715105,0.1381453154875717,0.052581261950286805,0.05927342256214149,0.05640535372848948,0.0,0.22815884476534296,0.046209386281588445,38.79899617590822,0.4062622309197652,0.7456192163811775
51153900601,0.782044199,0.408672409,0.034954407,0.104972376,0.139773895,0.224921278,0.106353591,0.088674033,0.209230769,0.211873081,7.144686885,55.77587,0.200556916,51.94356778,991004.3362,0.243795815,3.204844393,2511.424884,6.613009549,0.0,0.128927425,0.0,3620,977,973,0.38011049723756907,0.2861878453038674,0.35149023638232274,0.17574511819116137,0.030706243602865915,0.0,0.09660842754367935,0.06372045220966084,0.00027624309392265195,0.9042,0.0040941658137154556,0.31712707182320443,0.7254593175853018,0.031496062992125984,0.05669291338582677,0.028346456692913385,0.05249343832020997,0.10551181102362205,0.065775950668037,0.10277492291880781,40.00880281690141,0.3538461538461539,0.8930643824260845
51153900602,0.859174568,0.44896821,0.032258065,0.056128293,0.181481481,0.140437158,0.077523703,0.054099275,0.209230769,0.127484578,7.172420219,55.84385,0.215971619,48.63163107,1142798.963,0.287571303,2.758406258,2267.25926,7.022999902,0.0,0.122189658,0.057887864,3586,1459,1350,0.2863915225878416,0.1946458449525934,0.54,0.04,0.6052090472926662,0.09389993145990404,0.07703703703703704,0.05851851851851852,0.0,0.888,0.07470870459218643,0.19415807560137457,0.7994746059544658,0.09938704028021016,0.01532399299474606,0.01882661996497373,0.03327495621716287,0.03371278458844133,0.15333333333333332,0.03851851851851852,41.23584050747621,0.408023138832998,0.29141104294478526
51153900701,0.862514188,0.379545455,0.061248528,0.074577727,0.023320158,0.045013421,0.081157775,0.067395006,,0.030529172,7.128559016,55.5346,0.200355687,47.97493187,1153840.255,0.193484377,2.131176596,2850.34223,6.613335613,0.0,0.240154859,0.0,7048,2948,2530,0.20161748013620887,0.1210272417707151,0.26442687747035576,0.14980237154150197,0.29545454545454547,0.013568521031207599,0.026482213438735178,0.05177865612648221,0.0036889897843359817,0.8348,0.1417910447761194,0.27411966790724307,0.7522958550508811,0.08041697691734921,0.024075452965996526,0.020352444775378505,0.017622238768925293,0.10523703152146935,0.07430830039525692,0.0,41.6519092418373,0.3149183147033534,0.5687838222728567
51153900702,0.818914691,0.183508391,0.099564529,0.118978456,0.06686799,0.141848034,0.056310913,0.06738058,0.165128205,0.028747433,7.111257104,55.6238,0.177713017,56.79743907,793963.6178,0.361530455,0.456434083,3604.508696,5.849758825,0.0,0.255181855,0.0,8311,2435,2318,0.12116472145349537,0.17362531584646854,0.16824849007765316,0.028904227782571183,0.15687885010266941,0.0,0.025884383088869714,0.05263157894736842,0.0,0.7145,0.04804928131416838,0.08436213991769548,0.5563893180313396,0.14124917236813064,0.023615096005296845,0.0,0.05032001765614655,0.22842639593908629,0.08455565142364108,0.015099223468507334,40.662900457665906,0.29766791044776114,0.9016965467452773
51153900801,0.721248397,0.044044044,0.06455455,0.09454966,0.011003521,0.051814604,0.067835257,0.103463018,0.175384615,0.0,7.063994536,55.45296,0.179821116,59.70629063,708673.9258,0.414167476,1.267863648,4171.512648,4.933585435,0.0,0.326056004,0.0,7017,2272,2272,0.02850220892119139,0.07025794499073679,0.028169014084507043,0.03345070422535211,0.0,0.0,0.002640845070422535,0.002640845070422535,0.0007125552230297848,0.2295,0.0,0.04337140378776926,0.6204361054766734,0.07733265720081135,0.040821501014198784,0.0,0.01977687626774848,0.24163286004056794,0.006602112676056338,0.007042253521126761,48.17034436643263,0.283641975308642,0.9522247575584712
51153900803,0.781741868,0.215285065,0.054432348,0.118532955,0.022813688,0.093275488,0.056313396,0.055788737,,0.011984021,7.071904098,55.14926,0.157864669,52.49390076,731358.0153,0.342470995,1.190701308,3870.957296,5.667331141,0.0,0.368213043,0.0,5718,2253,2104,0.18572927597061908,0.11647429171038824,0.2818441064638783,0.16207224334600762,0.2507767421216156,0.0,0.06749049429657794,0.026615969581749048,0.0,0.8288,0.06613404349755882,0.2453933380581148,0.7517662170841362,0.147077713551702,0.0038535645472061657,0.0,0.027938342967244702,0.06936416184971098,0.12690114068441063,0.03279467680608365,41.22412008281574,0.40758620689655173,0.5521161245190626
51153900804,0.752722164,0.070600632,0.052168816,0.081676518,0.018220793,0.064614531,0.098349139,0.064278188,,0.008574491,7.024996448,55.32433,0.15388705,63.82219524,549528.9028,0.473868267,0.0,5072.237106,4.198051573,0.0,0.410134344,0.0,5694,1866,1866,0.05198454513523006,0.06919564453811029,0.22990353697749197,0.08896034297963558,0.12808145766345122,0.0,0.006966773847802787,0.05251875669882101,0.0,0.5571,0.0,0.08078094214579976,0.6614029760097175,0.13999392651078044,0.028241724870938355,0.0,0.023079259034315215,0.14728211357424842,0.06752411575562701,0.013933547695605574,51.94889601139601,0.3743293591654247,0.7255005268703899
51153900901,0.75998674,0.297543976,0.047265161,0.074099137,0.042761463,0.209754722,0.051549809,0.075087021,0.209230769,0.150214592,7.024476503,54.8924,0.15422515,43.64059141,617775.3796,0.404154444,1.668831907,4292.497404,5.347383539,0.0,0.818762251,0.0,6033,2097,1941,0.24001326040112714,0.15763301839880656,0.2818134981968058,0.15713549716640907,0.10157367668097282,0.04339532665712923,0.04739824832560536,0.0443070582174137,0.0018233051549809381,0.9403,0.07439198855507868,0.22145153104381662,0.7255785993387436,0.13345356176735798,0.03276224827171626,0.01653140967838894,0.018034265103697024,0.07363991584009619,0.06594538897475528,0.03606388459556929,35.9279688513952,0.34397558386411886,0.5763865825307207
51153900904,0.764697015,0.085463621,0.045604396,0.052447552,0.028280543,0.04494661,0.053964426,0.049291528,,0.0456718,6.989775683,55.0882,0.144219387,66.94235433,530888.8414,0.457200488,1.287070259,5345.34055,4.376006727,0.0,0.60977887,0.0,6634,1883,1768,0.05637624359360868,0.04145312028941815,0.08201357466063348,0.07070135746606335,0.0,0.006903876792352629,0.03223981900452489,0.0,0.0009044317154054868,0.3572,0.061072756240042485,0.07996351474612344,0.622852233676976,0.0836197021764032,0.05211912943871707,0.027491408934707903,0.011168384879725086,0.2027491408934708,0.06787330316742081,0.02092760180995475,45.95746590093324,0.37849576271186436,0.8255884127942064
51153900905,0.735858257,0.195886386,0.108793325,0.135019711,0.026761333,0.070300937,0.083062419,0.109720416,0.183589744,0.11715915,6.988679508,54.78707,0.105171752,58.06339028,378613.9247,0.610764259,0.390342632,5690.108559,4.40406457,0.0,3.372635011,0.0,6152,1929,1831,0.11150845253576072,0.12142392717815345,0.1900600764609503,0.049153468050245765,0.08242612752721618,0.0,0.019661387220098307,0.008192244675040962,0.001788036410923277,0.6881,0.05080352514256091,0.12138633377135348,0.6349206349206349,0.15661375661375662,0.0490299823633157,0.009171075837742505,0.06102292768959436,0.08924162257495591,0.015838339705079193,0.030038230475150193,48.962519319938174,0.4012057877813505,0.8527927047712099
51153901005,0.444511551,0.051111447,0.040507696,0.053642182,0.018411362,0.025343439,0.057224823,0.042276914,0.175384615,0.002104156,7.150998907,54.54996,0.139790394,23.75098068,466236.6797,0.0,0.143134103,22.11230586,4.580749549,0.0,0.263333754,0.0,6623,1901,1901,0.03336856409482108,0.026121093160199307,0.052603892688058915,0.021567596002104155,0.0,0.0,0.01262493424513414,0.008416622830089426,0.0,0.056,0.0,0.04419384334044499,0.7079056865464632,0.07406380027739251,0.027461858529819694,0.005825242718446602,0.011095700416088766,0.17364771151178918,0.03314045239347712,0.028406102051551814,46.5055387713998,0.3194444444444444,0.9844481352861241
51153901009,0.456697149,0.06105433,0.02276867,0.091297752,0.008932559,0.045615589,0.06993007,0.106239914,0.157948718,0.010272443,7.176833333,54.95034,0.148521017,26.71695376,634993.6713,0.0,0.108358093,157.4252248,5.311493204,0.0,0.16650453,0.0,7436,2239,2239,0.059037116729424424,0.009279182356105434,0.11701652523447968,0.04242965609647164,0.0,0.0,0.0,0.015185350602947744,0.0,0.0694,0.0,0.05585436491518411,0.6419679905157084,0.10995850622406639,0.04919976289270895,0.013337285121517486,0.005631298162418494,0.17990515708358032,0.03260384100044663,0.013398838767306834,42.39880737260571,0.3722868217054263,0.922270037654653
51153901010,0.413371382,0.050346514,0.058237548,0.09043981,0.0,0.017159199,0.10680799,0.109050143,0.180512821,0.0,7.151104372,54.93834,0.151137401,29.21284243,666055.5656,0.0,0.210734162,356.4940379,5.838832018,0.0,0.173797749,0.0,4906,1467,1401,0.013249082755809213,0.09090909090909091,0.07708779443254818,0.08779443254817987,0.0,0.0,0.0,0.006423982869379015,0.0010191602119853241,0.162,0.044989775051124746,0.05616353499896758,0.6231477773327994,0.09611533840608731,0.050861033239887866,0.005206247496996396,0.0024028834601521826,0.22226672006407688,0.009992862241256246,0.010706638115631691,50.702723535457345,0.20561224489795918,0.8488063660477454
51153901011,0.617228704,0.116988972,0.057793345,0.085816642,0.029115934,0.052843602,0.077033722,0.084065846,0.161025641,0.003064351,7.164756284,55.15872,0.160104358,33.38719093,870125.5679,0.031362847,0.0,1935.718101,5.840134244,0.0,0.201523888,0.0,6257,1958,1889,0.09173725427521176,0.04602844813808534,0.11011116993118052,0.06670195870831128,0.0,0.0,0.022763366860772894,0.008470089994706194,0.0,0.2652,0.035240040858018386,0.08207132388861749,0.647376311844078,0.046476761619190406,0.06086956521739131,0.003598200899550225,0.04527736131934033,0.19640179910044978,0.06511381683430387,0.03970354685018528,50.2919776119403,0.41671874999999997,0.8929199296787598
51153901012,0.356486797,0.1830617,0.033117351,0.183188406,0.023255814,0.068707725,0.064293915,0.434270953,0.175384615,0.028772754,7.119189891,55.07797,0.169051405,38.64243346,847446.4844,0.203785448,1.396550406,2786.160893,5.745440728,0.0,0.284355968,0.0,3484,1703,1634,0.14380022962112515,0.016647531572904706,0.21542227662178703,0.023255813953488372,0.08573106283029946,0.0,0.0,0.006119951040391677,0.001148105625717566,0.3443,0.040516735173223725,0.13014492753623189,0.6078431372549019,0.09876543209876543,0.023965141612200435,0.0,0.021060275962236745,0.24836601307189543,0.05936352509179926,0.033659730722154224,45.567632850241544,0.32887453874538747,0.7913793103448276
51153901013,0.777545536,0.283069573,0.016533637,0.077363034,0.076785714,0.110280374,0.058524933,0.057629143,,0.047413793,7.060565847,54.89499,0.185124713,38.00409591,1132619.329,0.27172252,3.766458372,3371.522564,5.905947048,0.0,0.45607832,0.0,3349,1160,1120,0.22245446401911018,0.05733054643177068,0.2883928571428571,0.1625,0.0,0.12586206896551724,0.027678571428571427,0.03214285714285714,0.0,0.6687,0.034482758620689655,0.27092113184828415,0.692260816575259,0.08836075563680683,0.04509445460085314,0.0,0.025594149908592323,0.14868982327848873,0.11160714285714286,0.03125,41.868289191123836,0.475597609561753,0.7575395640489698
51153901014,0.700180614,0.203454509,0.092933948,0.099252072,0.008492569,0.117399741,0.089303632,0.089504315,,0.125255276,7.093647814,54.45186,0.159426034,32.01979424,883990.7633,0.28546388,1.633868942,3670.781811,4.785313936,0.0,1.139751735,0.0,4983,1469,1413,0.09953843066425848,0.10495685330122416,0.2024062278839349,0.05024769992922859,0.061946902654867256,0.0,0.03467799009200283,0.043878273177636234,0.004214328717639976,0.7658,0.0381211708645337,0.08025065696381646,0.6755838641188959,0.17197452229299362,0.01910828025477707,0.008917197452229299,0.0,0.12441613588110403,0.06157112526539278,0.020523708421797595,33.53732428502181,0.3298878205128205,0.886739218057235
51153901015,0.904802022,0.241857831,0.057268722,0.047632469,0.023333333,0.074952562,0.123560798,0.030609379,,0.0,7.082437705,55.07443,0.155425998,43.40777377,1107827.185,0.24545199,4.410326657,3620.090821,6.238691324,0.0,0.362892957,0.0,3561,1200,1200,0.15810165683796687,0.06543105869137883,0.38416666666666666,0.1525,0.4066666666666667,0.0,0.08166666666666667,0.0,0.0016849199663016006,0.7862,0.0,0.09977452085682074,0.7497420020639834,0.13673890608875128,0.0,0.0,0.0,0.11351909184726522,0.04416666666666667,0.0,45.90750436300174,0.3351296043656207,0.42981715893108297
51153901016,0.780766396,0.171460801,0.097899475,0.110801264,0.032911392,0.084984985,0.06779661,0.06779661,,0.003638569,7.117392077,55.20171,0.182967272,46.09943735,1030613.53,0.20415516,2.229885919,3123.932807,6.116978077,0.0,0.293537733,0.0,5428,1649,1580,0.1156963890935888,0.0495578481945468,0.23670886075949368,0.03670886075949367,0.16616130988477865,0.0,0.008860759493670886,0.01708860759493671,0.0007369196757553427,0.6451,0.04184354154032747,0.1552333147425172,0.5889847924373202,0.2120838471023428,0.02096177558569667,0.018906699547883273,0.0,0.15906288532675708,0.05,0.07974683544303797,43.582763671875,0.36083815028901733,0.7332227138643068
51153901101,0.472052402,0.371239912,0.064891847,0.073756432,0.037606838,0.053705693,0.056768559,0.022270742,,0.427312775,6.94197459,54.77903,0.101699777,614.1145394,205287.0109,1.7593463,0.0,8808.165426,4.605097512,0.0,11.19244556,0.0,2290,681,585,0.12532751091703057,0.04410480349344978,0.28034188034188035,0.020512820512820513,0.16005873715124816,0.022026431718061675,0.03076923076923077,0.08376068376068375,0.40480349344978167,0.7552,0.14096916299559473,0.10120068610634649,0.6908831908831908,0.11396011396011396,0.02849002849002849,0.022792022792022793,0.05698005698005698,0.0868945868945869,0.11623931623931624,0.022222222222222223,17.556105610561055,0.32064439140811457,0.13499633162142333
51153901102,0.308170515,0.292105263,0.102222222,0.041012658,0.0,0.0,0.174067496,0.0,,0.009009009,6.959277596,54.61496,0.153393294,51.72197596,431302.0148,1.042302667,0.397932322,4855.608539,5.111573798,0.0,11.12488073,0.0,3378,888,822,0.1669626998223801,0.006808762581409118,0.4257907542579075,0.08150851581508516,0.08108108108108109,0.0,0.027980535279805353,0.03527980535279805,0.20840734162226168,0.5502,0.07432432432432433,0.0389873417721519,0.8036199095022625,0.07692307692307693,0.0,0.06153846153846154,0.03619909502262444,0.02171945701357466,0.037712895377128956,0.01824817518248175,15.074841681059297,0.4076183431952662,0.014958863126402393
51153901203,0.664875566,0.155825792,0.044046467,0.07389581,0.058479532,0.158047166,0.070984163,0.144230769,0.135384615,0.023391813,7.229948634,55.31073,0.17039332,31.81500104,968215.7395,0.047801894,3.065237532,41.57863842,6.24538736,0.0,0.106248356,0.0,3536,1368,1368,0.11623303167420815,0.188631221719457,0.2880116959064328,0.056286549707602336,0.0,0.01608187134502924,0.054093567251461985,0.12792397660818713,0.0,0.7922,0.0,0.15571913929784825,0.7093319734829169,0.1223865374808771,0.022437531871494134,0.010708822029576747,0.018357980622131564,0.11677715451300356,0.07529239766081872,0.033625730994152045,46.8316974595843,0.322125,0.8351244343891403
51153901208,0.438192668,0.201205511,0.07256894,0.127372053,0.07756654,0.100823045,0.033248082,0.282182438,0.154871795,0.0,7.274329508,55.95513,0.250528148,39.15522592,1256752.809,0.315052738,1.406666688,114.7505405,6.418285937,0.0,0.0,0.22466342,3519,1327,1315,0.18897414038079,0.08013640238704177,0.21140684410646388,0.0311787072243346,0.1092690278824416,0.031650339110776186,0.009125475285171103,0.028897338403041824,0.009946007388462632,0.8459,0.00904295403165034,0.13225991949396204,0.7191455696202531,0.1115506329113924,0.05063291139240506,0.011075949367088608,0.0,0.10759493670886076,0.037262357414448666,0.029657794676806085,41.2677304964539,0.47234299516908207,0.8691159586681975
51153901209,0.629951249,0.195200245,0.058183955,0.059459459,0.020875764,0.095331215,0.070688605,0.131627057,0.144615385,0.008508509,7.245725137,55.66317,0.199946451,35.09796606,1209274.112,0.168614759,1.992966948,50.58751628,6.790895117,0.0,0.0,0.070241215,6564,1998,1964,0.15356489945155394,0.08333333333333333,0.14052953156822812,0.05855397148676171,0.05155155155155155,0.0,0.031568228105906315,0.06466395112016293,0.0,0.6349,0.01701701701701702,0.14903474903474903,0.7072127139364304,0.12255501222493888,0.04339853300733496,0.01039119804400978,0.007334963325183374,0.10910757946210269,0.04429735234215886,0.03920570264765784,39.473413379073754,0.2586748633879782,0.7990554539914686
51153901211,0.809265442,0.220158598,0.024604569,0.076794658,0.0808,0.230645161,0.025250417,0.074707846,0.209230769,0.056501548,7.252120492,55.28797,0.163261273,30.33520275,900048.5228,0.0,3.528667488,46.7637034,6.37265802,0.0,0.104813102,0.0,4792,1292,1250,0.17696160267111852,0.21807178631051752,0.168,0.1008,0.0,0.0,0.1,0.0264,0.0006260434056761269,0.6927,0.032507739938080496,0.1876043405676127,0.640997433076641,0.2258892555922259,0.006967363403006967,0.0121012101210121,0.0187018701870187,0.09534286762009535,0.0776,0.064,43.33806242399676,0.4526960784313725,0.9125078304447692
51153901212,0.773550007,0.209406791,0.07133059,0.106450757,0.060873606,0.208743169,0.082573656,0.105694279,0.172307692,0.035418583,7.248395902,55.12448,0.142895463,28.80468244,762705.9109,0.0,1.509213214,48.04950574,6.351480336,0.0,0.115441776,0.0,7569,2174,2152,0.14532963403355795,0.12115206764433875,0.2100371747211896,0.11617100371747212,0.06577736890524379,0.010119595216191352,0.0683085501858736,0.01254646840148699,0.0,0.8616,0.010119595216191352,0.17865675603928857,0.7691149909692956,0.08549066827212523,0.033112582781456956,0.0,0.03521974714027694,0.07706201083684527,0.04553903345724907,0.03949814126394052,45.367742987606,0.33849557522123896,0.7834588452899987
51153901219,0.268341526,0.017172086,0.041395826,0.052931446,0.01172871,0.02247191,0.036045877,0.189695977,0.177435897,0.013923421,7.292614208,55.12664,0.147216262,24.07226512,515819.3126,0.033834704,0.536925088,118.8201122,3.99017824,0.0,0.103988175,0.0,5493,2011,1961,0.012015292190060076,0.026215182960131075,0.04844467108618052,0.0,0.0029835902536051715,0.0,0.0,0.0,0.0,0.0139,0.02486325211337643,0.026465723212644735,0.6540925266903914,0.056227758007117434,0.0298932384341637,0.014590747330960854,0.010676156583629894,0.23451957295373665,0.03314635390107088,0.009178990311065782,45.93677359367736,0.22388888888888886,0.9639541234298198
51153901221,0.601643666,0.182508916,0.051043429,0.03369187,0.014667817,0.028921795,0.06977826,0.100325632,0.174358974,0.0,7.300849727,55.71293,0.1750197,31.83791702,771008.2901,0.148232588,2.374604335,79.71700393,5.473842873,0.0,0.0,0.026145139,6449,2375,2318,0.13723057838424563,0.07024344859668166,0.31233822260569455,0.08671268334771355,0.30147368421052634,0.0,0.00819672131147541,0.02631578947368421,0.0,0.4734,0.024,0.1842771274913002,0.6643717728055077,0.19535283993115318,0.01721170395869191,0.004876649454962708,0.00831899024670109,0.10986804360298336,0.07937877480586712,0.0181190681622088,42.575733161456654,0.3589757127771911,0.6432004962009614
51153901222,0.42339939,0.150533537,0.053362573,0.116743472,0.004405286,0.103033772,0.053734756,0.130335366,0.174358974,0.0,7.318130874,55.95173,0.171749692,33.81133575,762272.3852,0.242340302,0.0,87.4659339,4.780141909,0.0,0.0,0.157746665,2624,924,908,0.06211890243902439,0.08765243902439024,0.23788546255506607,0.10903083700440529,0.010822510822510822,0.0,0.0,0.03303964757709251,0.00038109756097560977,0.4317,0.017316017316017316,0.08218125960061444,0.7870229007633588,0.0717557251908397,0.026717557251908396,0.0,0.008396946564885497,0.10610687022900764,0.015418502202643172,0.005506607929515419,43.046541417591804,0.3182773109243697,0.8181471597407549
51153901223,0.570067808,0.153278689,0.03799606,0.088383428,0.048724954,0.080831955,0.066515983,0.129157249,0.154871795,0.0,7.295777869,55.87334,0.178840553,33.29280021,950962.4761,0.253351136,1.054549243,80.49551526,5.429053165,0.0,0.0,0.162416641,6194,2196,2196,0.07636422344204069,0.10154988698740716,0.22768670309653916,0.11657559198542805,0.0,0.006830601092896175,0.015027322404371584,0.03233151183970856,0.0,0.5423,0.0,0.07132412672623883,0.6867469879518072,0.05877167205406994,0.03526300323244196,0.0,0.007640317367029092,0.2115780193946518,0.05418943533697632,0.022313296903460837,44.01882221393962,0.3111037234042553,0.8545366483693897
51153901224,0.483395697,0.110383536,0.066206897,0.1007109,0.049192364,0.059234731,0.047942002,0.170252572,0.206153846,0.004405286,7.26347541,55.69505,0.175484462,32.67403892,1003681.328,0.17945751,1.998385593,58.0515122,5.998653867,0.0,0.0,0.047319044,4276,1362,1362,0.060570626753975676,0.06524789522918616,0.11600587371512482,0.02276064610866373,0.0,0.0,0.013215859030837005,0.010279001468428781,0.0,0.2684,0.0,0.07180094786729858,0.7223611805902952,0.11155577788894447,0.016008004002001,0.0,0.0,0.1500750375187594,0.04038179148311307,0.03450807635829662,44.67480871100648,0.191025641025641,0.9031805425631432
51153901225,0.562185043,0.061681113,0.046142754,0.110258481,0.046933667,0.096996997,0.06853457,0.131223544,0.21025641,0.007936508,7.253598361,55.42487,0.174726004,31.78746501,997616.3484,0.106076174,2.900831599,50.01805552,6.267702966,0.0,0.0,0.0,4961,1764,1598,0.03245313444869986,0.07780689377141706,0.11889862327909888,0.03879849812265332,0.09750566893424037,0.046485260770975055,0.03379224030037547,0.038172715894868585,0.0020157226365652087,0.7182,0.09410430839002268,0.1298465266558966,0.7135830495648884,0.10594021944759743,0.0200529701097238,0.0,0.04540295119182747,0.11502080968596293,0.03379224030037547,0.04005006257822278,37.98204360837965,0.36980337078651687,0.9133508382145021
51153901226,0.657894737,0.088032581,0.031372549,0.084985836,0.022650057,0.089862271,0.081453634,0.108709273,0.180512821,0.007311586,7.235578142,54.9336,0.135344865,26.69661762,606711.6747,0.0,2.19394247,52.61013047,5.762226532,0.0,0.138982299,0.0,6384,1778,1766,0.05842731829573935,0.06516290726817042,0.10362400906002266,0.07134767836919592,0.0,0.0,0.035107587768969425,0.0,0.0,0.2999,0.006749156355455568,0.08278249921309411,0.7688078703703703,0.050347222222222224,0.02662037037037037,0.0,0.008969907407407407,0.14525462962962962,0.07191392978482446,0.02548131370328426,40.432464454976305,0.41221804511278193,0.9423558897243107
51153901227,0.718539233,0.185191293,0.02759248,0.068596809,0.056187291,0.219365895,0.072215825,0.082908373,0.180512821,0.0,7.220422678,54.98349,0.13603319,28.89422644,638008.644,0.0,1.677083164,41.40129893,5.646458489,0.0,0.14039161,0.0,6079,1495,1495,0.09228491528211877,0.11597302187859845,0.12842809364548494,0.05953177257525084,0.0,0.009364548494983277,0.031438127090301006,0.007357859531772575,0.0013160059220266491,0.621,0.0,0.10281296265833197,0.6742946708463949,0.1633228840125392,0.013793103448275862,0.0034482758620689655,0.02884012539184953,0.11630094043887147,0.08561872909698996,0.025418060200668897,41.736357193479805,0.27646443514644353,0.788338000329435
51153901228,0.757677106,0.166000615,0.032413989,0.08089922,0.074313409,0.160834132,0.07555488,0.101854667,0.180512821,0.012385568,7.193119945,54.85516,0.138941747,27.34081636,651737.8126,0.0,0.305452962,33.22590125,5.437051861,0.0,0.159274585,0.0,6578,1857,1857,0.09212526603830952,0.08041958041958042,0.11793214862681745,0.031771674744211095,0.0,0.003769520732364028,0.039310716208939146,0.007000538502961767,0.001976284584980237,0.5636,0.0,0.14895243921088852,0.7242086752637749,0.08089097303634232,0.019343493552168817,0.0011723329425556857,0.04425556858147714,0.13012895662368112,0.044695745826602046,0.01615508885298869,41.844317417619365,0.34598930481283424,0.8941355674028941
51153901229,0.702475871,0.15589593,0.04287902,0.081839274,0.056716418,0.104902297,0.073227025,0.089383131,0.180512821,0.048507463,7.205152459,54.76185,0.132334468,25.63965553,469563.7766,0.0,0.238329012,43.99226986,4.984798067,0.0,0.177558818,0.0,4766,1340,1340,0.06357532522031054,0.0809903483004616,0.10373134328358209,0.020895522388059702,0.0,0.0,0.03582089552238806,0.0052238805970149255,0.0,0.3045,0.0,0.10693946424804894,0.7172277227722772,0.14693069306930692,0.0201980198019802,0.0,0.02178217821782178,0.09386138613861386,0.026119402985074626,0.033582089552238806,47.24759615384615,0.3186936936936937,0.8978178766261016
51153901230,0.614917396,0.14254386,0.055408971,0.097727828,0.07394958,0.105891413,0.057580175,0.088678328,0.171282051,0.021848739,7.220308743,54.747,0.115549437,23.87596146,473979.8905,0.0,0.942108462,59.21272128,5.189426368,0.0,0.173762774,0.0,4116,1190,1190,0.09110787172011661,0.07167152575315841,0.1403361344537815,0.021848739495798318,0.014285714285714285,0.0,0.005042016806722689,0.04453781512605042,0.00048590864917395527,0.3961,0.0,0.13364280478866358,0.7435657463734207,0.08656995788488535,0.01731399157697707,0.0,0.03088441740758072,0.12166588675713617,0.09159663865546218,0.052100840336134456,45.05727224294086,0.44072847682119204,0.8266893534273213
51153901231,0.388320942,0.086212412,0.043163384,0.091650672,0.025411765,0.051546392,0.052509294,0.168060719,0.177435897,0.049694856,7.326269126,55.12127,0.153482421,19.92447709,647886.8472,0.145475581,2.729337828,961.3269838,4.794202493,0.0,0.016279059,0.101436902,6456,2294,2125,0.06133828996282528,0.05390334572490706,0.15811764705882353,0.03294117647058824,0.16041848299912817,0.0,0.01976470588235294,0.05741176470588235,0.031598513011152414,0.5354,0.07367044463818657,0.03134996801023673,0.6661576053756872,0.049175320708613315,0.08582773365913256,0.0,0.010079413561392792,0.1887599266951741,0.0371764705882353,0.024941176470588234,45.856551204819276,0.33545081967213114,0.8134996801023673
51153901232,0.461651197,0.101119259,0.019230769,0.0724694,0.010995724,0.097767857,0.060739293,0.109591272,0.163076923,0.015625,7.282990984,54.59352,0.156266049,21.15057182,592177.7948,0.19129077,0.645867396,1714.125165,5.453192513,0.0,0.101659308,0.109564027,6141,1728,1637,0.057808174564403195,0.02458882918091516,0.1472205253512523,0.0030543677458766036,0.0,0.0023148148148148147,0.00855222968845449,0.0030543677458766036,0.15730337078651685,0.2267,0.052662037037037035,0.03380610064115019,0.6214904679376083,0.06447140381282496,0.020103986135181974,0.0,0.005199306759098787,0.28873483535528593,0.02504581551618815,0.03176542455711668,43.617202729044834,0.43243243243243246,0.9358454106280193
51153901233,0.287841191,0.1255691,0.022193211,0.047500367,0.040333187,0.048083033,0.0321121,0.115749526,0.181538462,0.023944275,7.233007923,54.38585,0.119066826,20.88036633,349672.5666,0.067562024,0.606796311,111.166326,3.962220875,0.0,0.199041712,0.0,6851,2297,2281,0.12027441249452635,0.034301561815793316,0.09513371328364752,0.07277509864094696,0.0,0.11493252067914671,0.00920648838228847,0.03814116615519509,0.0,0.2795,0.006965607313887679,0.03196012314909837,0.7263329706202394,0.07045701849836779,0.0323721436343852,0.0,0.004352557127312296,0.16648531011969533,0.03857957036387549,0.027181060938185005,45.4259138381201,0.3179347826086957,0.9687636841337031
51153901234,0.397856664,0.041821248,0.028377545,0.070841889,0.0,0.058348294,0.040857334,0.151373074,0.171282051,0.041346154,7.173738525,54.3376,0.114662456,21.73509933,406741.3266,0.0,0.426166774,52.05226337,4.177447346,0.0,0.297682138,0.0,2986,1040,1040,0.041527126590756865,0.03951774949765573,0.13076923076923078,0.025,0.008653846153846154,0.0,0.0,0.023076923076923078,0.009042196918955124,0.1851,0.0,0.024640657084188913,0.6500932256059664,0.07458048477315103,0.05655686761963953,0.004972032318210068,0.0,0.21379738968303294,0.019230769230769232,0.03173076923076923,48.05643251775849,0.30234374999999997,0.9280162216965191
51153901235,0.339214381,0.058255659,0.015494636,0.086099585,0.008394544,0.015450186,0.038948069,0.096537949,0.175384615,0.018572825,7.305967213,55.5639,0.168482614,28.01414325,614805.5949,0.105947948,0.0,104.3217671,4.259698461,0.0,0.044497015,0.0,3004,1023,953,0.017976031957390146,0.007989347536617843,0.05981112277019937,0.01888772298006296,0.0,0.0,0.0,0.0062959076600209865,0.0,0.0074,0.06842619745845552,0.014177040110650069,0.48291571753986334,0.24316628701594534,0.04612756264236902,0.0,0.009111617312072893,0.21867881548974943,0.015739769150052464,0.01049317943336831,40.92930029154519,0.2626543209876543,0.9450732356857523
51153901236,0.489951706,0.057053292,0.026108075,0.05681999,0.029072682,0.058394161,0.061380277,0.091603053,0.175384615,0.015556636,7.28231612,55.42987,0.165762929,28.8129088,719717.9022,0.098922731,0.91617167,59.70919668,5.404692188,0.0,0.076228537,0.0,6419,2057,1995,0.03972581398971802,0.044243651659136934,0.09724310776942356,0.0406015037593985,0.0904229460379193,0.0,0.004511278195488722,0.006015037593984963,0.0003115750116840629,0.1763,0.030140982012639768,0.0791023396466656,0.7141566265060241,0.08433734939759036,0.05391566265060241,0.006325301204819277,0.025602409638554216,0.11566265060240964,0.04110275689223058,0.01804511278195489,44.53763623978202,0.2996594005449591,0.8234377434938445
51153901237,0.468812877,0.114352783,0.080616479,0.101100413,0.063793103,0.042795233,0.068075117,0.047283702,0.174358974,0.034846029,7.283647268,55.60815,0.175421724,30.76627588,757680.308,0.107749289,2.792380598,61.16205887,5.646726673,0.0,0.0,0.0,2982,1234,1160,0.10194500335345406,0.06338028169014084,0.25,0.14741379310344827,0.07455429497568881,0.0,0.03103448275862069,0.007758620689655172,0.0,0.5243,0.059967585089141004,0.16506189821182943,0.7341538461538462,0.09292307692307693,0.048615384615384616,0.0,0.016,0.10830769230769231,0.09224137931034483,0.0034482758620689655,48.28502415458937,0.23671875,0.7176391683433937
51153901303,0.477250726,0.098212532,0.014400536,0.057308809,0.04950495,0.09622093,0.088480155,0.058276864,0.172307692,0.005940594,7.241266667,54.23682,0.146712605,28.26367742,591954.0699,0.302704195,0.8484033,2630.700369,7.087112302,0.0,0.108488097,0.117614141,5165,1515,1515,0.02420135527589545,0.054017424975798645,0.12739273927392739,0.036963696369636964,0.0,0.0,0.018481848184818482,0.0,0.0007744433688286545,0.1717,0.0,0.10493707647628267,0.6328368548666435,0.1080706615864219,0.0748181503290613,0.0,0.0038101835815725666,0.18046414963630067,0.13135313531353135,0.02706270627062706,51.43174133558749,0.48839285714285713,0.8664987405541562
51153901304,0.356723338,0.160520607,0.087521174,0.107264297,0.012345679,0.086021505,0.070788253,0.139721793,0.209230769,0.231462926,7.207362295,53.95925,0.140541347,20.03678564,379195.2314,0.171659754,0.078955536,1492.856626,4.302408094,,0.140612845,0.029659571,3235,998,972,0.06398763523956723,0.1347758887171561,0.10390946502057613,0.03806584362139918,0.0,0.006012024048096192,0.027777777777777776,0.012345679012345678,0.0,0.4604,0.026052104208416832,0.14683153013910355,0.7103960396039604,0.13675742574257427,0.03403465346534654,0.0,0.009900990099009901,0.10891089108910891,0.060699588477366256,0.03909465020576132,43.513888888888886,0.1711864406779661,0.9239567233384853
51153901305,0.241523342,0.060687961,0.029242175,0.101644245,0.0,0.029229083,0.011056511,0.113759214,0.219487179,0.274831964,7.072805464,53.01148,0.098169964,9.83668407,179803.7856,0.119948396,0.069561466,2084.149365,2.760155603,,0.303630103,0.04592138,4070,1339,1259,0.05749385749385749,0.08181818181818182,0.14614773629864972,0.056393963463065924,0.0,0.0,0.0,0.03733121525019857,0.0,0.0652,0.05974607916355489,0.04509217737917289,0.6170478170478171,0.06070686070686071,0.027442827442827444,0.00997920997920998,0.0,0.28482328482328484,0.021445591739475776,0.03494837172359015,43.48982558139535,0.3487179487179487,0.8884520884520885
51153901306,0.263928504,0.061988971,0.044646098,0.067644817,0.020883055,0.042307692,0.045826203,0.200608481,0.169230769,0.03156708,7.142773224,53.70509,0.106569856,15.30262334,282595.9029,0.098928441,0.553679854,300.4511606,3.342854984,0.0,0.521430771,0.0,5259,1774,1676,0.03498764023578627,0.03308613804905876,0.081145584725537,0.0513126491646778,0.0,0.0,0.010739856801909307,0.0,0.002091652405400266,0.1596,0.0552423900789177,0.0428734756097561,0.6548840744963892,0.09692132269099202,0.01444317749904979,0.0,0.025845686050931203,0.20790573926263778,0.00477326968973747,0.011336515513126491,45.074376199616125,0.46956521739130436,0.9820884146341463
51153901403,0.682694957,0.366557657,0.072700297,0.087810352,0.158961593,0.09332004,0.073022871,0.105814274,0.165128205,0.042019654,7.258681148,54.63028,0.180549271,30.88393054,977083.1264,0.366612226,4.422730184,4687.495242,5.705093064,0.0,0.0,0.325971238,7258,2951,2812,0.20267291264811244,0.20584182970515294,0.3709103840682788,0.011735419630156473,0.45916638427651646,0.0,0.09886201991465149,0.077524893314367,0.01832460732984293,0.8973,0.0471026770586242,0.17744424182914856,0.7085009385894342,0.17940466613032985,0.007508715473317243,0.03271654599088227,0.011263073209975865,0.06060606060606061,0.07539118065433854,0.04658605974395448,36.09129814550642,0.3464343598055105,0.3889122807017544
51153901407,0.823261117,0.336919203,0.020736503,0.0672748,0.201037613,0.2067274,0.083238312,0.042873432,0.197948718,0.035669587,7.24122541,54.74085,0.202948994,19.0339834,1078329.222,0.214390834,4.41068974,5115.589548,5.667451078,0.0,0.0,0.525354825,4385,1598,1542,0.1961231470923603,0.2225769669327252,0.3534370946822309,0.10116731517509728,0.4380475594493116,0.0,0.05901426718547341,0.014267185473411154,0.0,0.7751,0.03504380475594493,0.11356898517673888,0.726401179941003,0.19616519174041297,0.0058997050147492625,0.00995575221238938,0.018067846607669618,0.043510324483775814,0.08365758754863813,0.042801556420233464,41.39745566692367,0.3566979051819184,0.3927023945267959
51153901409,0.580809197,0.162071284,0.017282479,0.046854083,0.070965541,0.080970277,0.050409021,0.05836834,,0.018242123,7.218084973,54.12167,0.155699602,12.72587728,581431.9453,0.306242924,0.870076708,11281.03011,5.254083407,0.0,0.000401169,0.165207398,9046,3015,2931,0.07450806986513377,0.07804554499226177,0.23404981235073355,0.06960081883316274,0.19369817578772802,0.0,0.04435346298191743,0.0,0.015144815388016803,0.5377,0.027860696517412936,0.08132530120481928,0.7895387149917628,0.047775947281713346,0.009678747940691927,0.0,0.012355848434925865,0.1406507413509061,0.027635619242579325,0.013988399863527807,45.8015494636472,0.38321829163071613,0.6424963520035919
51153901411,0.379436153,0.052974599,0.03610467,0.072222222,0.075356415,0.038694393,0.045936982,0.140961857,0.117948718,0.025037556,7.049350546,53.51964,0.139684521,6.774639548,444379.567,0.06766757,1.027627487,3872.754009,6.242032576,0.0,0.0,0.066519828,6030,1997,1964,0.04892205638474295,0.012935323383084577,0.14816700610997963,0.015784114052953158,0.030045067601402103,0.0,0.0,0.006619144602851324,0.0076285240464344945,0.1351,0.016524787180771158,0.05,0.6575154426904598,0.06314344543582705,0.03397391901166781,0.017501715854495538,0.012010981468771447,0.2158544955387783,0.006109979633401222,0.012219959266802444,42.852297592997814,0.27742718446601944,0.9410093582887701
51153901412,0.365535922,0.052298554,0.031505532,0.06612107,0.008207934,0.013560052,0.097381659,0.03985554,0.172307692,0.0,7.117303825,53.72243,0.143570621,7.497936201,392068.2804,0.116797124,0.285305005,5239.687031,5.382310528,0.0,0.0,0.105045014,7753,2193,2193,0.035857087579001676,0.0370179285437895,0.07113543091655267,0.019151846785225718,0.0,0.006839945280437756,0.02188782489740082,0.031007751937984496,0.0,0.105,0.0,0.04676539360872954,0.6561314791403287,0.09304677623261694,0.017193426042983566,0.0,0.0037926675094816687,0.22983565107458911,0.05243958048335613,0.018695850433196534,41.10472751149048,0.26360103626943004,0.9342190119953566
51153901413,0.418531073,0.047098976,0.069227691,0.094847241,0.0,0.041746457,0.042033898,0.053333333,0.17025641,0.006960557,7.148630055,53.74839,0.14417774,8.502334274,404700.5631,0.14016905,0.0,7165.229597,4.728430592,0.0,0.0,0.114530274,4425,1293,1293,0.01966101694915254,0.034350282485875704,0.07347254447022429,0.09899458623356536,0.0,0.006187161639597835,0.013921113689095127,0.009280742459396751,0.0,0.2911,0.0,0.05813953488372093,0.6877386508273229,0.12091641917691981,0.009333899024183284,0.0,0.002545608824777259,0.17946542214679678,0.015467904098994586,0.013147718484145398,42.93433298862461,0.3578767123287671,0.9428248587570621
51153901414,0.378338822,0.038053421,0.039674106,0.090659341,0.024238658,0.032206119,0.020307355,0.168313209,0.139487179,0.022045315,7.117794262,53.46698,0.134923811,8.836438622,350894.2539,0.157380696,0.0,6443.013978,5.503940379,0.0,0.0,0.107046024,5466,1633,1609,0.0380534211489206,0.04427369191364801,0.05904288377874456,0.0254816656308266,0.0,0.0,0.0,0.006836544437538844,0.0,0.0801,0.014696876913655848,0.0173992673992674,0.6481413323518587,0.04600662495399337,0.026131762973868235,0.002576370997423629,0.009569377990430622,0.2675745307324255,0.009322560596643879,0.018023617153511497,41.506281407035175,0.26999999999999996,0.9732894255397
51153901415,0.334317511,0.011355894,0.050376835,0.041286496,0.008778347,0.035113934,0.08017261,0.074948898,,0.023141655,7.164563115,53.70865,0.136491879,9.870704647,444171.7625,0.186489048,0.202635377,8605.292074,5.197768188,0.0,0.0,0.116597834,4403,1426,1367,0.0,0.02475584828526005,0.06803218727139722,0.02852962692026335,0.0,0.0,0.005120702267739576,0.0,0.0,0.0398,0.04137447405329593,0.028512773722627737,0.6758563074352548,0.054720133667502086,0.05179615705931495,0.012531328320802004,0.022556390977443608,0.18253968253968253,0.0,0.020482809070958303,46.65942769545222,0.21966292134831458,0.8555530320236202
51153901416,0.369628621,0.205910947,0.025993316,0.036399217,0.121299639,0.016753927,0.0771923,0.034804589,,0.0,7.167143716,53.61287,0.141208433,10.93174712,438879.4065,0.235894242,0.607076652,6121.219071,5.234215496,0.0,0.045004363,0.114127752,5143,1437,1385,0.19268909196966752,0.01983278242271048,0.21949458483754514,0.009386281588447653,0.0,0.0,0.009386281588447653,0.010830324909747292,0.0,0.0879,0.03618649965205289,0.2344422700587084,0.6558367963732528,0.0702682281828485,0.048356630147336606,0.007933509633547412,0.0037778617302606727,0.21382697393275407,0.008664259927797834,0.01588447653429603,41.20975492551658,0.3352941176470588,0.9368073109080304
51153901417,0.281400137,0.099862732,0.012408347,0.085106383,0.0,0.056256062,0.045298559,0.143102265,0.166153846,0.192064923,7.069313388,53.02802,0.119054681,7.154853106,304704.7965,0.145635746,0.144079864,3721.163806,4.412729244,0.0,0.062162312,0.061712742,2914,1109,1029,0.07789979409746053,0.053877831159917636,0.17881438289601556,0.10495626822157435,0.0,0.0,0.022351797862001945,0.003887269193391642,0.0,0.1948,0.0721370604147881,0.03706245710363761,0.7255594817432274,0.04181389870435807,0.038869257950530034,0.010011778563015312,0.004711425206124852,0.1790341578327444,0.0184645286686103,0.01749271137026239,41.642754662840744,0.45745614035087717,0.9052848318462594
51153901418,0.834821429,0.230407155,0.020378977,0.072894551,0.078637771,0.225558404,0.102443609,0.078947368,0.185641026,0.0,7.223435792,54.60217,0.203530081,18.34058665,877362.1922,0.226307363,0.752255912,6239.032357,5.351364156,0.0,0.0,0.367330819,4256,1797,1615,0.13463345864661655,0.19971804511278196,0.1869969040247678,0.07987616099071207,0.6432943795214245,0.0,0.11393188854489164,0.014860681114551083,0.0,0.7186,0.10127991096271564,0.18141071007313045,0.6073198627525734,0.13495996950057187,0.0,0.06747998475028594,0.0,0.1902401829965688,0.13808049535603714,0.11640866873065016,35.93808851224105,0.26889329805996476,0.2511748120300752
51153901419,0.871253584,0.493614803,0.00984456,0.052631579,0.221645663,0.257922535,0.121970289,0.049517852,0.185641026,0.0,7.241790164,54.72354,0.206578348,19.64821031,979250.1006,0.214662233,0.766767565,5220.87153,5.691840172,0.0,0.0,0.500864601,3837,1404,1349,0.3455824863174355,0.19103466249674225,0.4810971089696071,0.08747220163083766,0.35113960113960113,0.0,0.06449221645663454,0.05856189770200148,0.0,0.864,0.03917378917378917,0.18512699659596754,0.7447478991596639,0.18907563025210083,0.0,0.008928571428571428,0.0,0.05724789915966386,0.07857672349888807,0.025945144551519646,27.04735376044568,0.4010048721071864,0.2942402918947094
51153901420,0.43715342,0.090804067,0.02378687,0.033502773,0.026387625,0.063323417,0.058918669,0.049907579,0.148717949,0.011828935,7.20072623,54.15242,0.144223011,11.18063706,555596.3442,0.218103512,0.935752388,27419.69553,5.437897325,0.0,0.0,0.162991953,4328,1099,1099,0.045748613678373386,0.044824399260628464,0.07097361237488627,0.03002729754322111,0.0,0.0,0.03002729754322111,0.0009099181073703367,0.0,0.1157,0.0,0.06908502772643253,0.7991927346115035,0.06559031281533804,0.014631685166498487,0.0,0.010595358224016145,0.1099899091826438,0.029117379435850774,0.048225659690627844,46.77154195011338,0.2736577181208054,0.9013401109057301
51153901421,0.418205318,0.01957164,0.071765499,0.041851852,0.009509876,0.041680672,0.117060561,0.052806499,0.148717949,0.0,7.16907623,54.08448,0.145737437,9.792885342,599375.2401,0.160804057,1.442536194,17675.5175,5.31892249,0.0,0.0,0.134584421,5416,1382,1367,0.019571639586410634,0.027141802067946825,0.038039502560351136,0.04681784930504755,0.015918958031837915,0.0,0.0,0.015362106803218726,0.007200886262924667,0.2119,0.01085383502170767,0.038148148148148146,0.7132132132132132,0.019894894894894894,0.02177177177177177,0.0,0.0,0.24512012012012013,0.036576444769568395,0.025603511338697878,43.333743842364534,0.38305785123966946,0.9111028454528548
51153901503,0.230148301,0.046069951,0.028068989,0.103059884,0.017204301,0.038461538,0.047493899,0.18828609,0.173333333,0.074733096,7.166689071,55.10022,0.126992287,8.032805235,312814.1955,0.071820245,0.20809215,2177.196051,5.143982653,0.0,0.0,0.087515701,5327,1967,1860,0.023840810963018585,0.05425192415993993,0.08440860215053764,0.03387096774193549,0.0,0.0,0.004838709677419355,0.0,0.0,0.0629,0.05439755973563803,0.02102496714848883,0.6762309599716614,0.0563230605738576,0.014169323414806943,0.0,0.006376195536663124,0.24690046050301098,0.02795698924731183,0.006989247311827957,42.866886171213544,0.44709302325581396,0.9720292847756711
51153901504,0.281539108,0.046587216,0.062906725,0.242903575,0.04921875,0.017077799,0.017872161,0.640243902,0.201025641,0.0,7.14710765,54.44747,0.180949603,8.260235306,665546.7893,0.077071045,0.274337256,4733.523317,7.104761769,0.0,0.0,0.121510619,4756,2655,2560,0.024600504625735913,0.010723296888141295,0.17109375,0.067578125,0.13032015065913372,0.0,0.0,0.026171875,0.029646761984861228,0.3614,0.035781544256120526,0.014734561213434453,0.5123456790123457,0.03935185185185185,0.010030864197530864,0.04398148148148148,0.012345679012345678,0.3819444444444444,0.017578125,0.0296875,30.09987515605493,0.41623076923076924,0.8301191765980498
51153901505,0.337708995,0.089539865,0.05328071,0.071052632,0.026617715,0.036733791,0.027497582,0.111786652,0.172307692,0.013767783,7.065218306,54.3836,0.156329145,6.548174136,374637.8391,0.0,0.0,2971.557069,6.286016652,0.0,0.0,0.09613267,7237,2179,2179,0.04946801160701948,0.09133618902860301,0.07113354749885269,0.05507113354749885,0.0,0.01330885727397889,0.0,0.006883891693437357,0.0,0.1754,0.0,0.04695290858725762,0.6467539552645936,0.08074195308237861,0.02645935624659029,0.0057283142389525366,0.015002727768685215,0.22531369339879978,0.02661771454795778,0.058742542450665444,45.338908450704224,0.29027777777777775,0.9868730136797015
51153901506,0.612410842,0.089443652,0.003377501,0.042030021,0.102153506,0.062361351,0.072039943,0.056633381,0.17025641,0.002139037,7.075037705,54.13087,0.179633357,6.843752222,601753.7969,0.0,0.83968763,3484.00807,8.18312398,0.0,0.0,0.085338884,7010,1870,1811,0.0731811697574893,0.12710413694721825,0.07012700165654334,0.0883489784649365,0.0,0.0,0.05080066261733849,0.0016565433462175593,0.0,0.2702,0.03155080213903743,0.08406004288777698,0.7351683591662213,0.07188669160876536,0.03928380545163014,0.009086050240513094,0.00694815606627472,0.1376269374665954,0.04583103257868581,0.05963556046383214,40.77936163619461,0.3310975609756098,0.7219686162624822
51153901507,0.475295755,0.119345859,0.030103996,0.077754533,0.032930845,0.036542923,0.100904662,0.072720946,0.171282051,0.044852192,7.072266393,54.06354,0.163339787,6.826187576,623076.4667,0.042961327,0.796963676,3303.357942,8.391445648,0.0,0.0,0.047969942,2874,981,911,0.08176757132915796,0.05080027835768963,0.15587266739846323,0.06586169045005488,0.017329255861365953,0.0,0.0,0.0,0.0024356297842727907,0.2503,0.07135575942915393,0.07461645746164575,0.7462772050400917,0.10252004581901489,0.003436426116838488,0.004581901489117984,0.008018327605956471,0.13516609392898052,0.009879253567508232,0.013172338090010977,37.16247518199868,0.24388489208633093,0.8405999302406697
51153901508,0.55389948,0.150433276,0.038580247,0.052686308,0.049944506,0.059850374,0.093067591,0.085615251,,0.022653722,7.030750546,53.67938,0.149238778,6.233590103,468447.3305,0.0,2.357783236,3068.288093,6.867800587,0.0,0.0,0.020263568,5770,1854,1802,0.12305025996533796,0.07105719237435008,0.2513873473917869,0.03440621531631521,0.1720604099244876,0.011866235167206042,0.02719200887902331,0.06881243063263041,0.0,0.6317,0.028047464940668825,0.04436741767764298,0.6799357945425362,0.11364365971107544,0.019261637239165328,0.006741573033707865,0.027929373996789728,0.15248796147672553,0.04827968923418424,0.06270810210876804,39.38162878787879,0.3782879818594104,0.788214904679376
51153901509,0.359389155,0.049720888,0.01877053,0.072741393,0.0,0.0275,0.041930892,0.086579526,0.178461538,0.033806344,6.959657377,54.03897,0.106952991,4.807985149,183782.0852,0.019714216,0.067519657,1049.469179,4.565510676,0.0,0.0,0.0,7727,2396,2350,0.040248479358094995,0.1423579655752556,0.05106382978723404,0.03361702127659574,0.0070951585976627716,0.0,0.0,0.014893617021276596,0.00012941633234114146,0.1027,0.019198664440734557,0.04348951592026922,0.6563821846230405,0.0522518039313262,0.015924359293356557,0.0,0.004478726051256532,0.27096292610102013,0.03574468085106383,0.0225531914893617,45.732081911262796,0.3447368421052631,0.9438260419363189
51153901510,0.352069179,0.030153085,0.016858917,0.0648177,0.015797032,0.020747889,0.054817789,0.100525015,0.190769231,0.0,6.998020492,54.03059,0.124894709,5.064661754,335535.6132,0.0,0.0,1991.348808,5.951835481,0.0,0.0,0.0,6476,2132,2089,0.025941939468807906,0.02022853613341569,0.04834849210148397,0.05505026328386788,0.007035647279549718,0.0,0.004786979415988511,0.0,0.0,0.0453,0.020168855534709193,0.028046120286693673,0.652837095790116,0.03721781574130567,0.04270896888346553,0.0021354484441732766,0.014948139109212935,0.25015253203172666,0.0019147917663954045,0.028721876495931067,48.04210740439382,0.23467966573816157,0.8054354539839407
51153901511,0.19128053,0.017804154,0.018308081,0.125343721,0.005297234,0.024405705,0.015978087,0.335539831,0.175384615,0.005720824,6.993227049,54.23153,0.108891426,4.43262802,199647.0654,0.0,0.09689622,1330.829672,5.672076161,0.0,0.0,0.0,4381,1748,1699,0.015978087194704404,0.018488929468157955,0.07945850500294291,0.006474396703943496,0.12986270022883295,0.0,0.0,0.011183048852266038,0.0,0.0722,0.02803203661327231,0.024289642529789185,0.6156310057655349,0.09865470852017937,0.013452914798206279,0.005124919923126201,0.0,0.26713645099295324,0.008828722778104767,0.023543260741612712,46.34615384615385,0.2159090909090909,0.9860762383017576
51153901601,0.789889078,0.4376491,0.042202779,0.090185105,0.030563515,0.239407509,0.097696246,0.134172355,0.191794872,0.013805004,7.2851,54.98499,0.169661101,25.20182499,857631.2688,0.270620022,1.414586791,3216.915637,5.00951769,0.0,0.0,0.564792941,4688,1159,1047,0.2284556313993174,0.23570819112627986,0.3237822349570201,0.1069723018147087,0.08283002588438308,0.0,0.07640878701050621,0.04775549188156638,0.008959044368600682,0.9477,0.09663503019844694,0.23439517864829962,0.8099219620958752,0.08528428093645485,0.004459308807134894,0.0,0.03567447045707915,0.06465997770345597,0.1413562559694365,0.045845272206303724,37.23778307508939,0.4720323741007194,0.7367628067154541
51153901602,0.689387609,0.227852672,0.014952888,0.068759699,0.094764998,0.161139217,0.073176555,0.086427122,0.2,0.057699656,7.28524918,55.07397,0.195442558,23.28617087,928369.685,0.240638283,2.432157653,3460.985886,5.234291653,0.0,0.0,1.217278623,8377,2617,2617,0.10099080816521427,0.13274441924316582,0.2434084829957967,0.03439052350019106,0.14978983568972107,0.0,0.019870080244554833,0.01719526175009553,0.0,0.5257,0.0,0.14623373522740837,0.6844987363100252,0.13079191238416174,0.04380791912384162,0.008003369839932602,0.037489469250210614,0.09540859309182814,0.05273213603362629,0.07604126862820022,35.376018626309666,0.33203781512605046,0.6504715291870599
51153901702,0.744667098,0.337302446,0.121312838,0.111038537,0.181013677,0.350798959,0.054729584,0.07778496,0.226666667,0.109727626,7.319180328,55.21243,0.154791464,21.55549251,790502.577,0.247024691,0.465801107,2401.566183,4.23155093,0.0,0.0,0.305181372,4641,1285,1243,0.17043740573152338,0.32018961430726134,0.22204344328238135,0.08608205953338696,0.0,0.15719844357976653,0.14481094127111827,0.06516492357200322,0.0,0.9107,0.03268482490272374,0.1693881994339212,0.7091425864519185,0.13263855992420653,0.028422548555187114,0.056371387967787775,0.0037896731406916154,0.06963524396020843,0.054706355591311345,0.038616251005631534,38.84419551934827,0.27040229885057476,0.6171083818142642
51153901703,0.682795699,0.236174636,0.0,0.055417701,0.0,0.249219238,0.038461538,0.097187758,0.185641026,0.261603376,7.290986612,54.88631,0.156700918,25.87427702,861200.6182,0.265225306,1.56277071,3021.68829,5.31143107,0.0,0.0,0.332388705,2418,711,672,0.033085194375516956,0.20347394540942929,0.22172619047619047,0.020833333333333332,0.0,0.0,0.0,0.03125,0.0,0.2545,0.05485232067510549,0.1567411083540116,0.7582903463522476,0.184966838614591,0.015475313190862197,0.0,0.022844509948415623,0.018422991893883568,0.07886904761904762,0.03422619047619048,32.674549549549546,0.45,0.9900744416873449
51153901704,0.890003039,0.364425505,0.068151684,0.090107886,0.318533815,0.247506379,0.109693102,0.112123974,0.185641026,0.083254939,7.278997268,54.82831,0.177788097,29.43113879,872022.2329,0.275623941,7.353389459,3546.259768,5.647360407,0.0,0.0,0.439333507,6582,2126,1937,0.16818596171376482,0.39152233363719235,0.37583892617449666,0.07537429013939081,0.36265286923800566,0.0,0.06917914300464637,0.04439855446566856,0.0007596475235490732,0.9426,0.08889934148635936,0.18538216076584105,0.6087218045112782,0.21774436090225563,0.0,0.06857142857142857,0.0,0.10496240601503759,0.07589055240061951,0.03252452245740836,33.65094022834117,0.3424693520140105,0.42374942983123004
51153901900,0.779272868,0.262259024,0.028372093,0.058731809,0.123003884,0.230222222,0.09509639,0.07413637,0.191794872,0.041211102,7.341177869,55.40999,0.165069521,18.63466229,923239.3439,0.234924353,4.298004764,2035.376052,5.161822333,0.0,0.0,0.200458642,7729,2378,2317,0.17194979945659206,0.2600595161081641,0.31808372895986187,0.15709969788519637,0.37384356602186714,0.004205214465937763,0.06819162710401382,0.014242555028053518,0.0011644455945141673,0.913,0.025651808242220353,0.19165800415800416,0.7662059103908484,0.14418493803622498,0.0021448999046711154,0.0,0.003574833174451859,0.08388941849380362,0.047475183426845056,0.038411739318083726,36.78627145085803,0.2831149619611158,0.4571243523316062
51153980100,0.0,0.0,0.0,0.0,0.0,0.0,0.0,0.0,,0.0,7.034343443,53.42164,0.087736083,16.26577646,119074.4993,0.079956527,0.026339633,969.668348,2.257739782,,11.03523014,0.0,0,0,0,,,,,,,,,,,,,,,,,,,,,,,
