ID,PEOPCOLORPCT,LOWINCPCT,UNEMPPCT,DISABILITYPCT,LINGISOPCT,LESSHSPCT,UNDER5PCT,OVER64PCT,LIFEEXPPCT,PRE1960PCT,PM25,OZONE,DSLPM,RSEI_AIR,PTRAF,PTSDF,UST,PWDIS,NO2,DWATER,PNPL,PRMP,E_TOTPOP,E_HU,E_HH,E_POV150_P,E_UNINSUR_P,E_HBURD_P,E_SNGPNT_P,E_MUNIT_P,E_MOBILE_P,E_CROWD_P,E_NOVEH_P,E_GROUPQ_P,SVI_statewide,House_Vacant_P,With_Medicaid_P,Work_Drivealone_P,Work_Carpooled_P,Work_PublicTransportation_P,Work_Walk_P,Work_Taximotorbike_P,Work_Fromhome_P,With_PublicAssIncome_P,With_SSI_P,Mean_Transportation_time(min),Mean_Proportion_HHIncome,Owner_occupied_P,EMS_Calls,Fire_Calls,Structure_Fires,Stroke_Calls,Cardiac_Calls,Diabetic_Calls,CPR_Calls,Shootings,Stabbings,Opioid_Calls,Auto_Accidents,Total_Calls,Total_Crash,Percent_Fatal_Injury,Percent_Severe_Injury,Percent_Visible_Injury,Percent_Nonvisible_Injury,Avg_Kill_Person,Avg_Kill_Pedestrian,Avg_Injured_Person,Avg_Injured_Pedestrian,Percent_Workzone_Related,Percent_Schoolzone_Related,Percent_Alcohol_Related,Percent_Animal_Related,Percent_Unrestrained_Related,Percent_Bike_Related,Percent_Distracted_Related,Percent_Drowsy_Related,Percent_Drug_Related,Percent_Guardrail_Related,Percent_Hitrun_Related,Percent_Lgtruck_Related,Percent_Motorcycle_Related,Percent_Pedestrian_Related,Percent_Speed_Related,Percent_Senior_Related,Percent_Young_Related,Percent_Mainline_Related,Percent_Night_Related,Percent_Urban_Crash,Total_Population,Median_Age,Sex_Ratio(males per 100 females),Age_Dependency_Ratio,Old-age_Dependency_Ratio,Child_Dependency_Ratio
51153900100,0.501236858,0.07668522,0.006586826,0.095916429,0.033354715,0.044565217,0.0572047,0.299319728,0.182564103,0.045257285,7.117336885,55.85079,0.17022229,58.79563204,1048284.539,0.535742038,0.55291834,2955.696985,5.941893021,0,0.150438512,0.199625414,3234,1613,1559,0.03153988868,0.06184291899,0.1161000641,0.007697241822,0.275883447,0,0.004490057729,0.007055805003,0,0.1777,0.03347799132,0.07027540361,0.614619883,0.02573099415,0.05204678363,0,0.07485380117,0.232748538,0.02052597819,0.05323925593,45.51067073,0.2368778281,0.8401360544,843,403,11,13,37,13,11,2,1,5,34,1373,16,0,0.125,0.8125,0.0625,0,0,1.4375,0.125,0,0,0,0,0,0.0625,0.125,0,0.0625,0,0,0.0625,0.125,0.125,0.125,0.3125,0.1875,1,0.1875,1,3001,54.6,99,63.1,48.6,14.5
51153900201,0.77181483,0.327175698,0.06742281,0.154356846,0.096774194,0.133783784,0.032363785,0.072101598,0.217435897,0.112476371,7.212371585,56.00132,0.246330689,47.18831416,1939166.587,0.506328415,5.158355947,1608.187692,7.430988248,0,0.107441159,0.212286876,2441,1058,961,0.2556329373,0.1102007374,0.3870967742,0.09781477627,0.3714555766,0,0.06971904266,0.01144640999,0.002048340844,0.8996,0.09168241966,0.1958506224,0.6833667335,0.1075484302,0.0167000668,0.01536406146,0,0.1770207081,0.08012486993,0.03746097815,40.84618506,0.3531188119,0.5307881773,907,271,16,4,34,0,7,0,0,7,182,1428,85,0,0.1529411765,0.8,0.04705882353,0,0,1.752941176,0.04705882353,0.01176470588,0.01176470588,0.07058823529,0.01176470588,0.01176470588,0.02352941176,0.08235294118,0.01176470588,0,0.05882352941,0.09411764706,0.02352941176,0.04705882353,0.04705882353,0.2117647059,0.1176470588,0.1411764706,0.8941176471,0.3529411765,1,3180,36.3,69.1,51.9,14,38
51153900202,0.731086324,0.276915616,0.048494329,0.039678676,0.135111111,0.171480144,0.040979631,0.066440349,0.169230769,0.584518167,7.216208197,55.82964,0.243887459,42.40539441,1942872.958,0.323682439,2.421485001,1481.485726,7.024271642,0,0.100379162,0.197936753,4124,1266,1125,0.03031037827,0.1857419981,0.1937777778,0.03822222222,0.1619273302,0.004739336493,0,0.01244444444,0,0.4794,0.1113744076,0.1550632911,0.7568901687,0.1266968326,0.009872480461,0,0.04031262855,0.06622788976,0.1226666667,0,35.77643172,0.2584862385,0.8419010669,985,241,13,4,37,52,11,2,0,12,188,1545,110,0.009090909091,0.1,0.7272727273,0.1636363636,0.009090909091,0,1.7,0.04545454545,0.009090909091,0.01818181818,0.07272727273,0,0.04545454545,0,0.2727272727,0.01818181818,0.02727272727,0.04545454545,0.1181818182,0.08181818182,0.02727272727,0.04545454545,0.3,0.1636363636,0.1909090909,0.9545454545,0.3090909091,1,3520,37,119.2,47.5,16.5,31
51153900203,0.889300501,0.301154936,0.042467591,0.100787057,0.143669986,0.191298094,0.095227718,0.057528873,0.206153846,0.10210396,7.197157923,55.83719,0.217923803,45.32269551,1432192.241,0.257901881,1.43282189,1696.97799,7.046775897,0,0.10855256,0,4589,1616,1406,0.2301154936,0.1810852037,0.3435277383,0.09246088193,0.6113861386,0,0.08463726885,0.007823613087,0.001307474395,0.9014,0.129950495,0.225841714,0.7672413793,0.08113590264,0.01926977688,0.06186612576,0.0360040568,0.03448275862,0.07610241821,0.07752489331,39.43759832,0.3398894155,0.1016801222,1281,265,30,9,50,24,13,10,4,23,68,1777,61,0.03278688525,0.1803278689,0.7213114754,0.06557377049,0.03278688525,0.01639344262,1.655737705,0.09836065574,0.03278688525,0.09836065574,0.2295081967,0,0.04918032787,0.03278688525,0.262295082,0.01639344262,0,0,0.1967213115,0.04918032787,0.06557377049,0.1147540984,0.2131147541,0.09836065574,0.09836065574,1,0.4098360656,1,4891,29.3,76.8,69.6,7.2,62.5
51153900301,0.55638237,0.232398397,0.092181467,0.134315425,0.093147039,0.109263658,0.048368632,0.089009731,0.180512821,0.198136646,7.243385246,56.03626,0.250596623,42.57440461,1980590.732,0.455011814,5.261958187,749.7767363,6.979261768,0,0.039346429,0.23544811,3494,1610,1503,0.2095020034,0.09044075558,0.2754491018,0.07917498337,0.2248447205,0,0.0126413839,0.05522288756,0,0.7464,0.06645962733,0.1721548238,0.6170798898,0.08925619835,0.07272727273,0.07658402204,0.008815426997,0.1355371901,0.08848968729,0.02328675981,37.58444869,0.3458955224,0.6038923869,1239,311,20,9,34,9,8,1,1,3,404,2039,165,0.01212121212,0.04848484848,0.8727272727,0.06666666667,0.01818181818,0,1.545454545,0.01818181818,0.01818181818,0.006060606061,0.04848484848,0,0.06666666667,0,0.1515151515,0.04242424242,0,0.0303030303,0.06666666667,0.1393939394,0.04848484848,0.01818181818,0.3575757576,0.1575757576,0.1757575758,0.9515151515,0.3636363636,1,3514,37.8,93.4,41.8,15.3,26.4
51153900302,0.69760205,0.289380696,0.00859423,0.098865784,0.066008083,0.171858501,0.048142046,0.064616511,0.180512821,0.015879828,7.232929781,55.79823,0.248440548,40.20947831,1876875.904,0.286848501,2.458813027,839.2163909,7.404631107,0,0,0.195784515,5463,2330,2227,0.2242357679,0.1111111111,0.26986978,0.1198922317,0.1939914163,0.05665236052,0.04220925011,0.01436910642,0,0.7987,0.04420600858,0.188657845,0.6873347047,0.06611813106,0.05877167205,0,0.02203937702,0.1657361152,0.05568028738,0.01706331388,43.30398027,0.3512520525,0.5372505949,2534,391,25,99,147,39,20,2,0,12,392,3661,250,0.012,0.076,0.812,0.1,0.012,0.004,1.664,0.04,0.036,0,0.052,0,0.044,0.004,0.208,0.052,0.016,0.084,0.06,0.112,0.044,0.032,0.256,0.152,0.148,0.944,0.312,1,5032,37.8,94.7,53.6,14.5,39.1
51153900403,0.752579008,0.254022989,0.054404946,0.103629496,0.103076923,0.151957209,0.127231046,0.125921074,0.16,0.051192843,7.208924863,55.47455,0.178071521,34.71307642,1311404.74,0.09824936,2.968459601,1223.102014,7.419461825,0,0.078182302,0,6107,2012,1950,0.1984607827,0.07024725725,0.3158974359,0.01538461538,0.203777336,0,0.03333333333,0.05692307692,0.004584902571,0.845,0.03081510934,0.2057809164,0.6299238663,0.2393247269,0.03939093016,0.003641178418,0.004303210857,0.08341608739,0.1661538462,0.06,36.82104317,0.4896039604,0.8280967264,6847,1747,49,68,248,106,46,8,7,46,1272,10444,575,0.008695652174,0.09217391304,0.827826087,0.07130434783,0.008695652174,0.00347826087,1.820869565,0.02260869565,0.03304347826,0.01565217391,0.06608695652,0,0.05739130435,0.001739130435,0.2139130435,0.02260869565,0.006956521739,0.0452173913,0.06086956522,0.05391304348,0.03130434783,0.02608695652,0.1704347826,0.1426086957,0.1947826087,0.972173913,0.2973913043,1,5789,36.6,95.9,66.4,19.7,46.7
51153900404,0.85022799,0.354005622,0.089608177,0.08135833,0.199541284,0.218958611,0.052086987,0.081024202,0.164102564,0.053650442,7.205901366,55.28439,0.173518369,32.82387659,1072587.897,0.024933455,1.103061651,1128.579837,6.966819502,0,0.102979571,0,5702,1808,1744,0.2653454928,0.2351806384,0.3245412844,0.122706422,0.07190265487,0,0.03899082569,0.006880733945,0.0007015082427,0.894,0.03539823009,0.2270958613,0.6943198804,0.1240657698,0.03251121076,0.01644245142,0.03288490284,0.09977578475,0.1301605505,0.02924311927,47.32890917,0.3752358491,0.710951211,1421,269,21,14,47,53,13,5,0,16,203,2062,113,0.008849557522,0.09734513274,0.8584070796,0.03539823009,0.008849557522,0,1.840707965,0.04424778761,0,0.01769911504,0.08849557522,0,0.07079646018,0.03539823009,0.1946902655,0.01769911504,0.02654867257,0.02654867257,0.06194690265,0.03539823009,0.01769911504,0.04424778761,0.09734513274,0.1327433628,0.203539823,1,0.2477876106,1,5893,35.4,76.2,56.8,14.7,42.1
51153900407,0.823247285,0.276343631,0.069092697,0.087767102,0.071365248,0.146657572,0.097898152,0.087318381,,0.044769874,7.202148634,55.18307,0.170696031,29.93241569,960221.5154,0,3.055211956,31.74779747,6.265945822,0,0.123719695,0,7089,2390,2256,0.1678657074,0.1318944844,0.3497340426,0.06382978723,0.390376569,0,0.1179078014,0.01462765957,0,0.8237,0.05606694561,0.2422199914,0.7223818229,0.05484460695,0.02402716114,0.004439801515,0.01488639331,0.1794202142,0.1205673759,0.02659574468,43.94493953,0.3211585867,0.4467484836,1346,287,26,28,55,25,9,3,3,10,126,1918,101,0,0.09900990099,0.8415841584,0.05940594059,0,0,1.940594059,0.07920792079,0,0.009900990099,0.05940594059,0,0.0396039604,0,0.198019802,0,0,0,0.0297029703,0.0396039604,0.0396039604,0.06930693069,0.1188118812,0.1782178218,0.3069306931,1,0.3465346535,1,6916,32.5,95.2,53.8,13.3,40.5
51153900408,0.674728159,0.068616423,0.033874382,0.081797668,0.091916558,0.101277372,0.131983502,0.069553806,0.178461538,0.061442006,7.191485792,55.15391,0.157985338,29.17011798,816841.4259,0,0,485.9194125,5.89665489,0,0.131832714,0,5334,1595,1534,0.05849268841,0.1207349081,0.1336375489,0.03585397653,0,0,0.1323337679,0.01629726206,0,0.391,0.03824451411,0.203647988,0.7107919255,0.1145186335,0.02445652174,0.009704968944,0.009704968944,0.1308229814,0.1290743155,0.004563233377,45.27020992,0.2585616438,0.799400075,635,138,10,13,28,14,14,1,0,4,23,880,11,0.1818181818,0.1818181818,0.6363636364,0,0.1818181818,0,1.272727273,0,0,0,0.1818181818,0,0.09090909091,0,0.2727272727,0,0,0,0,0.1818181818,0,0,0.1818181818,0.1818181818,0.2727272727,1,0.3636363636,1,5473,33.2,111.3,63.7,11.9,51.8
51153900409,0.858085149,0.121382637,0.024560239,0.104966821,0.091830272,0.234729494,0.029982011,0.121726964,0.206153846,0,7.189668306,55.24277,0.160766455,31.51438735,953881.3149,0,0,1444.887787,6.513326571,0,0.113966102,0,5003,1603,1579,0.0741555067,0.1393164102,0.1918936035,0.02659911336,0,0,0.0139328689,0.02279924003,0,0.3994,0.01497192764,0.09712447215,0.6867142372,0.1597009854,0.01087325858,0,0.05946313286,0.083248386,0.0607979734,0.01139962001,41.33061527,0.3534383954,0.7325604637,927,267,17,6,38,22,13,6,0,6,65,1367,40,0,0.075,0.875,0.05,0,0,1.8,0.1,0,0,0.1,0,0.15,0,0.175,0.025,0.025,0.05,0.1,0.075,0.025,0.075,0.125,0.05,0.3,1,0.375,1,4834,40.4,74.6,48.7,18.6,30.2
51153900410,0.882193176,0.307248345,0.050169109,0.051912568,0.071703561,0.068422482,0.108300798,0.038872857,0.176410256,0.014905149,7.158474044,55.32373,0.176123879,36.39436334,1318504.531,0.042028269,1.822891019,2210.774855,7.097802327,0,0.234565584,0,5891,2214,2078,0.1490409099,0.1580376846,0.2738209817,0.1708373436,0.5460704607,0.0325203252,0.07459095284,0.01010587103,0,0.8029,0.06142728094,0.1331967213,0.7300669507,0.03012781497,0.1107729763,0.01430310408,0.04625684723,0.06847230676,0.0437921078,0.01588065448,40.2245998,0.3116268789,0.4773383127,1844,533,19,23,81,15,21,8,0,9,499,3052,249,0.02008032129,0.09236947791,0.7831325301,0.1044176707,0.0281124498,0,1.554216867,0.04016064257,0.04016064257,0.01204819277,0.04819277108,0,0.08835341365,0,0.1445783133,0.01204819277,0.008032128514,0.08835341365,0.08835341365,0.1365461847,0.04417670683,0.04016064257,0.421686747,0.1204819277,0.1686746988,0.9076305221,0.3453815261,1,5588,32.8,92.9,49.5,8.3,41.2
51153900502,0.695422535,0.155176005,0.053894183,0.061759729,0.033806957,0.045620952,0.075899844,0.087050078,0.176410256,0,7.152292077,55.49733,0.211705209,44.85417152,1523818.995,0.20549711,2.088257473,2471.517405,7.548125292,0,0.220695041,0,5112,2130,2041,0.05379499218,0.04733959311,0.2724154826,0.02547770701,0.3807511737,0,0.03037726605,0.03576678099,0.02543035994,0.5664,0.04178403756,0.1582064298,0.6334519573,0.08702685215,0.06664509867,0.003882238758,0.05014558395,0.1588482692,0.08721215091,0.02792748653,42.03076923,0.3007116621,0.4841429145,2031,685,26,21,64,36,16,0,2,11,344,3236,124,0.02419354839,0.1209677419,0.7741935484,0.08064516129,0.02419354839,0,1.782258065,0.02419354839,0.03225806452,0.008064516129,0.08064516129,0,0.08870967742,0.03225806452,0.1693548387,0.01612903226,0,0.04838709677,0.0564516129,0.02419354839,0.02419354839,0.02419354839,0.2016129032,0.1290322581,0.2177419355,0.9274193548,0.3467741935,1,4718,35.9,93.2,47.9,13.2,34.7
51153900503,0.862150144,0.215890411,0.075921909,0.067859022,0.084621644,0.209232097,0.092074287,0.090504839,0.164102564,0.136470588,7.193168306,55.66076,0.217562229,42.095928,1907799.483,0.226708482,1.263350919,2006.137798,7.477478341,0,0.12830849,0,3823,1275,1229,0.149359142,0.142035051,0.2384052075,0.05614320586,0.4070588235,0,0.06834825061,0.007323026851,0,0.7894,0.03607843137,0.2256706996,0.6264044944,0.1690074906,0.03511235955,0.02715355805,0.06835205993,0.07397003745,0.0146460537,0,46.74418605,0.3263376384,0.6984043945,1327,364,19,21,51,14,6,1,1,3,274,2081,143,0.01398601399,0.06993006993,0.7762237762,0.1398601399,0.01398601399,0.006993006993,1.65034965,0.006993006993,0,0.01398601399,0.04195804196,0,0.05594405594,0,0.2237762238,0.02797202797,0.006993006993,0.0979020979,0.08391608392,0.09090909091,0.02797202797,0.01398601399,0.3636363636,0.1608391608,0.1608391608,0.9300699301,0.1818181818,1,3787,35.7,100.7,54.1,14.5,39.6
51153900504,0.86316204,0.468972332,0.19214798,0.126009057,0.212274368,0.236950549,0.050009844,0.111045481,0.164102564,0.120310479,7.177772131,55.69278,0.217556775,45.25113794,1365936.922,0.230626832,2.15025423,2152.487718,7.118523772,0,0.110172242,0,5079,1546,1385,0.3847214019,0.2516243355,0.4166064982,0.08519855596,0.2128072445,0.1688227684,0.0642599278,0.03321299639,0,0.9903,0.1041397154,0.253593227,0.6935946463,0.1381453155,0.05258126195,0.05927342256,0.05640535373,0,0.2281588448,0.04620938628,38.79899618,0.4062622309,0.7456192164,1616,282,24,16,71,20,13,3,3,19,71,2138,49,0.04081632653,0.1020408163,0.8367346939,0.02040816327,0.04081632653,0.02040816327,1.816326531,0.1428571429,0.1020408163,0,0.1428571429,0.04081632653,0.1020408163,0.04081632653,0.2244897959,0.02040816327,0,0,0.1224489796,0.04081632653,0,0.1224489796,0.1428571429,0.1020408163,0.1020408163,1,0.4081632653,1,5459,34.3,84.6,68.7,19.1,49.7
51153900601,0.782044199,0.408672409,0.034954407,0.104972376,0.139773895,0.224921278,0.106353591,0.088674033,0.209230769,0.211873081,7.144686885,55.77587,0.200556916,51.94356778,991004.3362,0.243795815,3.204844393,2511.424884,6.613009549,0,0.128927425,0,3620,977,973,0.3801104972,0.2861878453,0.3514902364,0.1757451182,0.0307062436,0,0.09660842754,0.06372045221,0.0002762430939,0.9042,0.004094165814,0.3171270718,0.7254593176,0.03149606299,0.05669291339,0.02834645669,0.05249343832,0.105511811,0.06577595067,0.1027749229,40.00880282,0.3538461538,0.8930643824,863,179,13,8,26,20,12,4,2,6,98,1231,41,0,0.1219512195,0.8292682927,0.0487804878,0,0,1.707317073,0.1219512195,0.07317073171,0,0.1463414634,0.0243902439,0.1219512195,0.0487804878,0.1463414634,0.0243902439,0,0,0.0487804878,0.0243902439,0.07317073171,0.09756097561,0.1707317073,0.0487804878,0.1463414634,1,0.4634146341,1,3453,34.2,131.4,42.7,11.7,31
51153900602,0.859174568,0.44896821,0.032258065,0.056128293,0.181481481,0.140437158,0.077523703,0.054099275,0.209230769,0.127484578,7.172420219,55.84385,0.215971619,48.63163107,1142798.963,0.287571303,2.758406258,2267.25926,7.022999902,0,0.122189658,0.057887864,3586,1459,1350,0.2863915226,0.194645845,0.54,0.04,0.6052090473,0.09389993146,0.07703703704,0.05851851852,0,0.888,0.07470870459,0.1941580756,0.799474606,0.09938704028,0.01532399299,0.01882661996,0.03327495622,0.03371278459,0.1533333333,0.03851851852,41.23584051,0.4080231388,0.2914110429,1631,260,23,12,70,22,10,7,4,21,191,2251,71,0.01408450704,0.0985915493,0.8591549296,0.02816901408,0.01408450704,0.01408450704,1.816901408,0.1549295775,0.2394366197,0,0.1408450704,0,0.07042253521,0.02816901408,0.1549295775,0.01408450704,0.01408450704,0,0.1267605634,0.04225352113,0.05633802817,0.1549295775,0.1830985915,0.08450704225,0.1971830986,1,0.4225352113,1,3694,27.6,117.4,32.2,7.9,24.3
51153900701,0.862514188,0.379545455,0.061248528,0.074577727,0.023320158,0.045013421,0.081157775,0.067395006,,0.030529172,7.128559016,55.5346,0.200355687,47.97493187,1153840.255,0.193484377,2.131176596,2850.34223,6.613335613,0,0.240154859,0,7048,2948,2530,0.2016174801,0.1210272418,0.2644268775,0.1498023715,0.2954545455,0.01356852103,0.02648221344,0.05177865613,0.003688989784,0.8348,0.1417910448,0.2741196679,0.7522958551,0.08041697692,0.02407545297,0.02035244478,0.01762223877,0.1052370315,0.0743083004,0,41.65190924,0.3149183147,0.5687838223,1567,502,31,12,62,29,19,8,2,12,154,2398,105,0,0.1428571429,0.7714285714,0.08571428571,0,0,1.60952381,0.05714285714,0.009523809524,0.04761904762,0.05714285714,0.009523809524,0.06666666667,0.02857142857,0.2095238095,0.01904761905,0,0.01904761905,0.05714285714,0.0380952381,0.01904761905,0.05714285714,0.2095238095,0.1047619048,0.2,1,0.3047619048,1,8102,31.2,110.4,44.9,8.9,36
51153900702,0.818914691,0.183508391,0.099564529,0.118978456,0.06686799,0.141848034,0.056310913,0.06738058,0.165128205,0.028747433,7.111257104,55.6238,0.177713017,56.79743907,793963.6178,0.361530455,0.456434083,3604.508696,5.849758825,0,0.255181855,0,8311,2435,2318,0.1211647215,0.1736253158,0.1682484901,0.02890422778,0.1568788501,0,0.02588438309,0.05263157895,0,0.7145,0.04804928131,0.08436213992,0.556389318,0.1412491724,0.02361509601,0,0.05032001766,0.2284263959,0.08455565142,0.01509922347,40.66290046,0.2976679104,0.9016965467,1402,655,21,19,41,30,24,1,1,20,86,2300,30,0.03333333333,0.3,0.6333333333,0.03333333333,0.03333333333,0,1.4,0.1666666667,0.03333333333,0.03333333333,0.1666666667,0,0.2,0.03333333333,0.2,0,0.1,0,0.1,0.1,0.03333333333,0.1666666667,0.2666666667,0.1333333333,0.2,1,0.3,1,7796,33.6,83.3,54.5,12.3,42.2
51153900801,0.721248397,0.044044044,0.06455455,0.09454966,0.011003521,0.051814604,0.067835257,0.103463018,0.175384615,0,7.063994536,55.45296,0.179821116,59.70629063,708673.9258,0.414167476,1.267863648,4171.512648,4.933585435,0,0.326056004,0,7017,2272,2272,0.02850220892,0.07025794499,0.02816901408,0.03345070423,0,0,0.00264084507,0.00264084507,0.000712555223,0.2295,0,0.04337140379,0.6204361055,0.0773326572,0.04082150101,0,0.01977687627,0.24163286,0.006602112676,0.007042253521,48.17034437,0.2836419753,0.9522247576,1204,346,21,23,59,17,11,2,1,5,78,1767,56,0.01785714286,0.05357142857,0.8214285714,0.1071428571,0.01785714286,0.01785714286,1.714285714,0.01785714286,0.01785714286,0.01785714286,0.1071428571,0,0.07142857143,0,0.2857142857,0.01785714286,0.03571428571,0,0.07142857143,0.05357142857,0,0.03571428571,0.125,0.07142857143,0.1428571429,1,0.2321428571,1,7078,38.4,106.1,55.1,15.8,39.2
51153900803,0.781741868,0.215285065,0.054432348,0.118532955,0.022813688,0.093275488,0.056313396,0.055788737,,0.011984021,7.071904098,55.14926,0.157864669,52.49390076,731358.0153,0.342470995,1.190701308,3870.957296,5.667331141,0,0.368213043,0,5718,2253,2104,0.185729276,0.1164742917,0.2818441065,0.1620722433,0.2507767421,0,0.0674904943,0.02661596958,0,0.8288,0.0661340435,0.2453933381,0.7517662171,0.1470777136,0.003853564547,0,0.02793834297,0.06936416185,0.1269011407,0.03279467681,41.22412008,0.4075862069,0.5521161245,1612,425,30,16,90,41,14,4,3,14,95,2344,43,0.02325581395,0.1162790698,0.7441860465,0.1162790698,0.02325581395,0.02325581395,1.604651163,0.1162790698,0.04651162791,0,0.09302325581,0.02325581395,0.04651162791,0,0.2093023256,0,0.04651162791,0.02325581395,0.1395348837,0.1395348837,0.02325581395,0.1395348837,0.2093023256,0.1395348837,0.2558139535,1,0.2790697674,1,6127,31.7,112.4,57.6,12.9,44.7
51153900804,0.752722164,0.070600632,0.052168816,0.081676518,0.018220793,0.064614531,0.098349139,0.064278188,,0.008574491,7.024996448,55.32433,0.15388705,63.82219524,549528.9028,0.473868267,0,5072.237106,4.198051573,0,0.410134344,0,5694,1866,1866,0.05198454514,0.06919564454,0.229903537,0.08896034298,0.1280814577,0,0.006966773848,0.0525187567,0,0.5571,0,0.08078094215,0.661402976,0.1399939265,0.02824172487,0,0.02307925903,0.1472821136,0.06752411576,0.0139335477,51.94889601,0.3743293592,0.7255005269,1223,338,18,19,64,37,8,3,2,8,25,1745,13,0.07692307692,0.07692307692,0.8461538462,0,0.07692307692,0.07692307692,1.230769231,0.3076923077,0,0.07692307692,0.1538461538,0,0.1538461538,0,0.07692307692,0,0.07692307692,0,0,0.07692307692,0.07692307692,0.3846153846,0.1538461538,0.1538461538,0.3846153846,1,0.3846153846,1,5564,38.7,68.1,54.9,12,42.9
51153900901,0.75998674,0.297543976,0.047265161,0.074099137,0.042761463,0.209754722,0.051549809,0.075087021,0.209230769,0.150214592,7.024476503,54.8924,0.15422515,43.64059141,617775.3796,0.404154444,1.668831907,4292.497404,5.347383539,0,0.818762251,0,6033,2097,1941,0.2400132604,0.1576330184,0.2818134982,0.1571354972,0.1015736767,0.04339532666,0.04739824833,0.04430705822,0.001823305155,0.9403,0.07439198856,0.221451531,0.7255785993,0.1334535618,0.03276224827,0.01653140968,0.0180342651,0.07363991584,0.06594538897,0.0360638846,35.92796885,0.3439755839,0.5763865825,1981,422,27,18,66,26,35,14,1,24,215,2829,26,0.07692307692,0.1923076923,0.6923076923,0.03846153846,0.07692307692,0,1.692307692,0.03846153846,0,0,0.1153846154,0.03846153846,0.07692307692,0.03846153846,0.1153846154,0,0,0,0.1538461538,0,0.03846153846,0.03846153846,0.1538461538,0.1538461538,0.1153846154,1,0.3846153846,1,6363,31,89.6,58.1,12,46.2
51153900904,0.764697015,0.085463621,0.045604396,0.052447552,0.028280543,0.04494661,0.053964426,0.049291528,,0.0456718,6.989775683,55.0882,0.144219387,66.94235433,530888.8414,0.457200488,1.287070259,5345.34055,4.376006727,0,0.60977887,0,6634,1883,1768,0.05637624359,0.04145312029,0.08201357466,0.07070135747,0,0.006903876792,0.032239819,0,0.0009044317154,0.3572,0.06107275624,0.07996351475,0.6228522337,0.08361970218,0.05211912944,0.02749140893,0.01116838488,0.2027491409,0.06787330317,0.02092760181,45.9574659,0.3784957627,0.8255884128,1407,475,17,16,59,18,12,3,1,9,167,2184,56,0,0.125,0.7857142857,0.08928571429,0,0,1.607142857,0.01785714286,0.01785714286,0.01785714286,0.1071428571,0.01785714286,0.08928571429,0.01785714286,0.25,0.05357142857,0.01785714286,0.01785714286,0.03571428571,0.03571428571,0.07142857143,0.01785714286,0.1607142857,0.125,0.25,1,0.2857142857,1,7498,35.1,112.5,64,9.3,54.7
51153900905,0.735858257,0.195886386,0.108793325,0.135019711,0.026761333,0.070300937,0.083062419,0.109720416,0.183589744,0.11715915,6.988679508,54.78707,0.105171752,58.06339028,378613.9247,0.610764259,0.390342632,5690.108559,4.40406457,0,3.372635011,0,6152,1929,1831,0.1115084525,0.1214239272,0.1900600765,0.04915346805,0.08242612753,0,0.01966138722,0.008192244675,0.001788036411,0.6881,0.05080352514,0.1213863338,0.6349206349,0.1566137566,0.04902998236,0.009171075838,0.06102292769,0.08924162257,0.01583833971,0.03003823048,48.96251932,0.4012057878,0.8527927048,1180,346,18,14,49,23,9,2,3,6,46,1696,11,0.09090909091,0.09090909091,0.6363636364,0.1818181818,0.09090909091,0,1.272727273,0,0,0,0.1818181818,0,0.09090909091,0,0.09090909091,0,0.09090909091,0,0,0,0,0,0.1818181818,0,0.1818181818,1,0.1818181818,1,6301,40.3,144.2,51.9,14.2,37.8
51153901005,0.444511551,0.051111447,0.040507696,0.053642182,0.018411362,0.025343439,0.057224823,0.042276914,0.175384615,0.002104156,7.150998907,54.54996,0.139790394,23.75098068,466236.6797,0,0.143134103,22.11230586,4.580749549,0,0.263333754,0,6623,1901,1901,0.03336856409,0.02612109316,0.05260389269,0.021567596,0,0,0.01262493425,0.00841662283,0,0.056,0,0.04419384334,0.7079056865,0.07406380028,0.02746185853,0.005825242718,0.01109570042,0.1736477115,0.03314045239,0.02840610205,46.50553877,0.3194444444,0.9844481353,700,216,6,10,33,8,9,3,0,4,72,1061,33,0,0.09090909091,0.8484848485,0.06060606061,0,0,1.818181818,0,0,0,0.0303030303,0,0.06060606061,0.0303030303,0.2121212121,0.0303030303,0.0303030303,0.0303030303,0,0.1212121212,0,0,0.1515151515,0.303030303,0.1818181818,1,0.2424242424,0.9696969697,6849,33.9,111.4,63.4,10.2,53.2
51153901009,0.456697149,0.06105433,0.02276867,0.091297752,0.008932559,0.045615589,0.06993007,0.106239914,0.157948718,0.010272443,7.176833333,54.95034,0.148521017,26.71695376,634993.6713,0,0.108358093,157.4252248,5.311493204,0,0.16650453,0,7436,2239,2239,0.05903711673,0.009279182356,0.1170165252,0.0424296561,0,0,0,0.0151853506,0,0.0694,0,0.05585436492,0.6419679905,0.1099585062,0.04919976289,0.01333728512,0.005631298162,0.1799051571,0.032603841,0.01339883877,42.39880737,0.3722868217,0.9222700377,937,238,11,23,36,11,13,1,0,5,64,1339,31,0,0.1290322581,0.8709677419,0,0,0,2.096774194,0.09677419355,0,0,0.09677419355,0,0,0.06451612903,0.1290322581,0,0,0,0.03225806452,0,0.03225806452,0.09677419355,0.09677419355,0.1612903226,0.2258064516,1,0.2903225806,1,7328,36.8,98.8,75.5,20.8,54.7
51153901010,0.413371382,0.050346514,0.058237548,0.09043981,0,0.017159199,0.10680799,0.109050143,0.180512821,0,7.151104372,54.93834,0.151137401,29.21284243,666055.5656,0,0.210734162,356.4940379,5.838832018,0,0.173797749,0,4906,1467,1401,0.01324908276,0.09090909091,0.07708779443,0.08779443255,0,0,0,0.006423982869,0.001019160212,0.162,0.04498977505,0.056163535,0.6231477773,0.09611533841,0.05086103324,0.005206247497,0.00240288346,0.2222667201,0.009992862241,0.01070663812,50.70272354,0.2056122449,0.848806366,821,189,5,11,29,15,3,1,0,5,30,1109,14,0.1428571429,0,0.8571428571,0,0.1428571429,0,1.714285714,0,0,0,0.07142857143,0.07142857143,0,0,0.2857142857,0.07142857143,0,0.07142857143,0,0.1428571429,0,0,0.1428571429,0.3571428571,0.4285714286,1,0.07142857143,1,4765,37.4,109.4,59,17.5,41.5
51153901011,0.617228704,0.116988972,0.057793345,0.085816642,0.029115934,0.052843602,0.077033722,0.084065846,0.161025641,0.003064351,7.164756284,55.15872,0.160104358,33.38719093,870125.5679,0.031362847,0,1935.718101,5.840134244,0,0.201523888,0,6257,1958,1889,0.09173725428,0.04602844814,0.1101111699,0.06670195871,0,0,0.02276336686,0.008470089995,0,0.2652,0.03524004086,0.08207132389,0.6473763118,0.04647676162,0.06086956522,0.0035982009,0.04527736132,0.1964017991,0.06511381683,0.03970354685,50.29197761,0.41671875,0.8929199297,971,246,17,20,45,19,14,1,2,6,53,1394,42,0.04761904762,0.09523809524,0.8095238095,0.04761904762,0.04761904762,0,1.619047619,0.07142857143,0.02380952381,0,0.04761904762,0,0.02380952381,0,0.3095238095,0.02380952381,0,0.07142857143,0.04761904762,0.09523809524,0.02380952381,0.07142857143,0.2857142857,0.2857142857,0.07142857143,1,0.2857142857,1,6534,38.6,110.8,47.8,14.5,33.3
51153901012,0.356486797,0.1830617,0.033117351,0.183188406,0.023255814,0.068707725,0.064293915,0.434270953,0.175384615,0.028772754,7.119189891,55.07797,0.169051405,38.64243346,847446.4844,0.203785448,1.396550406,2786.160893,5.745440728,0,0.284355968,0,3484,1703,1634,0.1438002296,0.01664753157,0.2154222766,0.02325581395,0.08573106283,0,0,0.00611995104,0.001148105626,0.3443,0.04051673517,0.1301449275,0.6078431373,0.0987654321,0.02396514161,0,0.02106027596,0.2483660131,0.05936352509,0.03365973072,45.56763285,0.3288745387,0.7913793103,1953,294,16,27,81,29,24,1,2,34,229,2690,108,0.009259259259,0.1666666667,0.7037037037,0.1203703704,0.009259259259,0,1.407407407,0.01851851852,0.02777777778,0.009259259259,0.1018518519,0.01851851852,0.05555555556,0,0.2222222222,0.0462962963,0.009259259259,0.1944444444,0.06481481481,0.1296296296,0.01851851852,0.01851851852,0.4444444444,0.1759259259,0.1111111111,0.9907407407,0.3518518519,1,3668,57.3,82.6,127.3,89.8,37.4
51153901013,0.777545536,0.283069573,0.016533637,0.077363034,0.076785714,0.110280374,0.058524933,0.057629143,,0.047413793,7.060565847,54.89499,0.185124713,38.00409591,1132619.329,0.27172252,3.766458372,3371.522564,5.905947048,0,0.45607832,0,3349,1160,1120,0.222454464,0.05733054643,0.2883928571,0.1625,0,0.125862069,0.02767857143,0.03214285714,0,0.6687,0.03448275862,0.2709211318,0.6922608166,0.08836075564,0.0450944546,0,0.02559414991,0.1486898233,0.1116071429,0.03125,41.86828919,0.4755976096,0.757539564,1769,317,13,18,107,15,8,2,2,29,467,2747,60,0,0.06666666667,0.85,0.08333333333,0,0,1.5,0,0.03333333333,0,0.06666666667,0,0.06666666667,0.01666666667,0.1166666667,0.03333333333,0.01666666667,0.1333333333,0.03333333333,0.1333333333,0.05,0,0.4,0.1,0.2166666667,0.9166666667,0.3333333333,1,3425,33.7,87.9,55.8,13,42.8
51153901014,0.700180614,0.203454509,0.092933948,0.099252072,0.008492569,0.117399741,0.089303632,0.089504315,,0.125255276,7.093647814,54.45186,0.159426034,32.01979424,883990.7633,0.28546388,1.633868942,3670.781811,4.785313936,0,1.139751735,0,4983,1469,1413,0.09953843066,0.1049568533,0.2024062279,0.05024769993,0.06194690265,0,0.03467799009,0.04387827318,0.004214328718,0.7658,0.03812117086,0.08025065696,0.6755838641,0.1719745223,0.01910828025,0.008917197452,0,0.1244161359,0.06157112527,0.02052370842,33.53732429,0.3298878205,0.8867392181,1473,412,15,23,53,46,8,1,0,14,405,2450,167,0.01796407186,0.09580838323,0.8323353293,0.05389221557,0.02395209581,0.005988023952,1.71257485,0.02994011976,0.0119760479,0.01796407186,0.05988023952,0.02395209581,0.07784431138,0.005988023952,0.1976047904,0.01796407186,0.02395209581,0.125748503,0.05389221557,0.1137724551,0.05988023952,0.03592814371,0.2934131737,0.1676646707,0.1556886228,0.9820359281,0.2934131737,0.7844311377,5083,36.7,131.5,46.8,11.8,35
51153901015,0.904802022,0.241857831,0.057268722,0.047632469,0.023333333,0.074952562,0.123560798,0.030609379,,0,7.082437705,55.07443,0.155425998,43.40777377,1107827.185,0.24545199,4.410326657,3620.090821,6.238691324,0,0.362892957,0,3561,1200,1200,0.1581016568,0.06543105869,0.3841666667,0.1525,0.4066666667,0,0.08166666667,0,0.001684919966,0.7862,0,0.09977452086,0.7497420021,0.1367389061,0,0,0,0.1135190918,0.04416666667,0,45.90750436,0.3351296044,0.4298171589,850,159,15,6,21,21,11,0,0,4,76,1163,61,0.03278688525,0.01639344262,0.9016393443,0.04918032787,0.03278688525,0,1.540983607,0.06557377049,0,0,0.04918032787,0,0.03278688525,0,0.1475409836,0,0,0.1147540984,0.06557377049,0.03278688525,0.04918032787,0.06557377049,0.2459016393,0.1475409836,0.2786885246,0.8032786885,0.262295082,1,3561,29.3,69.2,58.4,7.5,50.9
51153901016,0.780766396,0.171460801,0.097899475,0.110801264,0.032911392,0.084984985,0.06779661,0.06779661,,0.003638569,7.117392077,55.20171,0.182967272,46.09943735,1030613.53,0.20415516,2.229885919,3123.932807,6.116978077,0,0.293537733,0,5428,1649,1580,0.1156963891,0.04955784819,0.2367088608,0.03670886076,0.1661613099,0,0.008860759494,0.01708860759,0.0007369196758,0.6451,0.04184354154,0.1552333147,0.5889847924,0.2120838471,0.02096177559,0.01890669955,0,0.1590628853,0.05,0.07974683544,43.58276367,0.3608381503,0.7332227139,1807,352,14,19,70,32,10,0,0,13,201,2518,88,0,0.06818181818,0.8636363636,0.06818181818,0,0,1.954545455,0.07954545455,0,0.04545454545,0.03409090909,0,0.06818181818,0,0.2386363636,0.03409090909,0.02272727273,0.04545454545,0.07954545455,0.09090909091,0.01136363636,0.07954545455,0.1818181818,0.1704545455,0.1590909091,1,0.2386363636,1,6020,32.7,102.3,62.2,8.8,53.4
51153901101,0.472052402,0.371239912,0.064891847,0.073756432,0.037606838,0.053705693,0.056768559,0.022270742,,0.427312775,6.94197459,54.77903,0.101699777,614.1145394,205287.0109,1.7593463,0,8808.165426,4.605097512,0,11.19244556,0,2290,681,585,0.1253275109,0.04410480349,0.2803418803,0.02051282051,0.1600587372,0.02202643172,0.03076923077,0.08376068376,0.4048034934,0.7552,0.140969163,0.1012006861,0.6908831909,0.113960114,0.02849002849,0.02279202279,0.05698005698,0.08689458689,0.1162393162,0.02222222222,17.55610561,0.3206443914,0.1349963316,200,51,9,0,2,1,0,0,1,0,3,267,,,,,,,,,,,,,,,,,,,,,,,,,,,,,,2474,23.2,181.5,23.8,2.3,21.6
51153901102,0.308170515,0.292105263,0.102222222,0.041012658,0,0,0.174067496,0,,0.009009009,6.959277596,54.61496,0.153393294,51.72197596,431302.0148,1.042302667,0.397932322,4855.608539,5.111573798,0,11.12488073,0,3378,888,822,0.1669626998,0.006808762581,0.4257907543,0.08150851582,0.08108108108,0,0.02798053528,0.03527980535,0.2084073416,0.5502,0.07432432432,0.03898734177,0.8036199095,0.07692307692,0,0.06153846154,0.03619909502,0.02171945701,0.03771289538,0.01824817518,15.07484168,0.4076183432,0.01495886313,340,121,21,1,2,0,1,0,0,0,231,717,114,0.01754385965,0.149122807,0.7280701754,0.1052631579,0.01754385965,0.008771929825,1.657894737,0.01754385965,0.008771929825,0,0.04385964912,0,0.09649122807,0,0.3421052632,0.07894736842,0.02631578947,0.149122807,0.07894736842,0.1754385965,0.04385964912,0.02631578947,0.4561403509,0.2105263158,0.1578947368,0.9912280702,0.2105263158,0.298245614,3347,22.7,145.4,47.1,,47.1
51153901203,0.664875566,0.155825792,0.044046467,0.07389581,0.058479532,0.158047166,0.070984163,0.144230769,0.135384615,0.023391813,7.229948634,55.31073,0.17039332,31.81500104,968215.7395,0.047801894,3.065237532,41.57863842,6.24538736,0,0.106248356,0,3536,1368,1368,0.1162330317,0.1886312217,0.2880116959,0.05628654971,0,0.01608187135,0.05409356725,0.1279239766,0,0.7922,0,0.1557191393,0.7093319735,0.1223865375,0.02243753187,0.01070882203,0.01835798062,0.1167771545,0.07529239766,0.03362573099,46.83169746,0.322125,0.8351244344,1130,260,18,14,47,25,14,1,1,5,234,1749,74,0.01351351351,0.1216216216,0.8108108108,0.05405405405,0.01351351351,0,1.743243243,0.1351351351,0,0,0.09459459459,0.01351351351,0.01351351351,0,0.1756756757,0.01351351351,0.01351351351,0,0.1081081081,0.09459459459,0.04054054054,0.09459459459,0.1621621622,0.1891891892,0.1351351351,1,0.2702702703,1,3835,33,131.7,56.3,21.4,34.9
51153901208,0.438192668,0.201205511,0.07256894,0.127372053,0.07756654,0.100823045,0.033248082,0.282182438,0.154871795,0,7.274329508,55.95513,0.250528148,39.15522592,1256752.809,0.315052738,1.406666688,114.7505405,6.418285937,0,0,0.22466342,3519,1327,1315,0.1889741404,0.08013640239,0.2114068441,0.03117870722,0.1092690279,0.03165033911,0.009125475285,0.0288973384,0.009946007388,0.8459,0.009042954032,0.1322599195,0.7191455696,0.1115506329,0.05063291139,0.01107594937,0,0.1075949367,0.03726235741,0.02965779468,41.2677305,0.4723429952,0.8691159587,1422,169,15,24,37,20,26,0,0,6,19,1738,33,0.06060606061,0.1515151515,0.7575757576,0.0303030303,0.06060606061,0,2.03030303,0.0303030303,0,0,0.09090909091,0,0.09090909091,0.0303030303,0.3333333333,0.0303030303,0,0.06060606061,0.0303030303,0.06060606061,0.06060606061,0.0303030303,0.1212121212,0.2727272727,0.1515151515,1,0.3636363636,1,3379,44.6,90.7,108.3,60.6,47.7
51153901209,0.629951249,0.195200245,0.058183955,0.059459459,0.020875764,0.095331215,0.070688605,0.131627057,0.144615385,0.008508509,7.245725137,55.66317,0.199946451,35.09796606,1209274.112,0.168614759,1.992966948,50.58751628,6.790895117,0,0,0.070241215,6564,1998,1964,0.1535648995,0.08333333333,0.1405295316,0.05855397149,0.05155155155,0,0.03156822811,0.06466395112,0,0.6349,0.01701701702,0.149034749,0.7072127139,0.1225550122,0.04339853301,0.01039119804,0.007334963325,0.1091075795,0.04429735234,0.03920570265,39.47341338,0.2586748634,0.799055454,1797,358,30,24,89,29,18,2,1,11,226,2585,81,0.01234567901,0.08641975309,0.7530864198,0.1481481481,0.01234567901,0,1.666666667,0.1111111111,0.01234567901,0,0,0,0.08641975309,0.02469135802,0.1604938272,0.03703703704,0.01234567901,0.03703703704,0.04938271605,0.01234567901,0.02469135802,0.1111111111,0.0987654321,0.1234567901,0.1728395062,1,0.2716049383,1,6605,37.4,93.7,72.9,25.7,47.3
51153901211,0.809265442,0.220158598,0.024604569,0.076794658,0.0808,0.230645161,0.025250417,0.074707846,0.209230769,0.056501548,7.252120492,55.28797,0.163261273,30.33520275,900048.5228,0,3.528667488,46.7637034,6.37265802,0,0.104813102,0,4792,1292,1250,0.1769616027,0.2180717863,0.168,0.1008,0,0,0.1,0.0264,0.0006260434057,0.6927,0.03250773994,0.1876043406,0.6409974331,0.2258892556,0.006967363403,0.01210121012,0.01870187019,0.09534286762,0.0776,0.064,43.33806242,0.4526960784,0.9125078304,988,153,9,21,45,34,12,1,1,12,120,1396,71,0.01408450704,0.05633802817,0.8450704225,0.08450704225,0.01408450704,0,1.76056338,0.07042253521,0,0,0.02816901408,0,0.08450704225,0.01408450704,0.2676056338,0,0.04225352113,0,0.01408450704,0.05633802817,0.04225352113,0.04225352113,0.1267605634,0.0985915493,0.2535211268,1,0.2253521127,1,4757,35.2,94.3,53.4,15.5,37.9
51153901212,0.773550007,0.209406791,0.07133059,0.106450757,0.060873606,0.208743169,0.082573656,0.105694279,0.172307692,0.035418583,7.248395902,55.12448,0.142895463,28.80468244,762705.9109,0,1.509213214,48.04950574,6.351480336,0,0.115441776,0,7569,2174,2152,0.145329634,0.1211520676,0.2100371747,0.1161710037,0.06577736891,0.01011959522,0.06830855019,0.0125464684,0,0.8616,0.01011959522,0.178656756,0.769114991,0.08549066827,0.03311258278,0,0.03521974714,0.07706201084,0.04553903346,0.03949814126,45.36774299,0.3384955752,0.7834588453,1549,416,25,22,74,45,18,4,1,13,140,2307,60,0.01666666667,0.08333333333,0.8166666667,0.08333333333,0.01666666667,0,1.65,0,0,0.01666666667,0.08333333333,0,0.08333333333,0.03333333333,0.3166666667,0.05,0.03333333333,0.01666666667,0.05,0.01666666667,0.03333333333,0,0.25,0.2166666667,0.2666666667,1,0.3166666667,1,7299,34.8,99.3,60.7,14.6,46.1
51153901219,0.268341526,0.017172086,0.041395826,0.052931446,0.01172871,0.02247191,0.036045877,0.189695977,0.177435897,0.013923421,7.292614208,55.12664,0.147216262,24.07226512,515819.3126,0.033834704,0.536925088,118.8201122,3.99017824,0,0.103988175,0,5493,2011,1961,0.01201529219,0.02621518296,0.04844467109,0,0.002983590254,0,0,0,0,0.0139,0.02486325211,0.02646572321,0.6540925267,0.05622775801,0.02989323843,0.01459074733,0.01067615658,0.234519573,0.0331463539,0.009178990311,45.93677359,0.2238888889,0.9639541234,1186,377,11,25,36,30,14,2,1,5,223,1910,82,0.0487804878,0.2073170732,0.7195121951,0.0243902439,0.0487804878,0.0243902439,2.134146341,0.03658536585,0.0243902439,0,0.1341463415,0.01219512195,0.1219512195,0,0.2317073171,0.0487804878,0.01219512195,0.09756097561,0.0487804878,0.08536585366,0.03658536585,0.06097560976,0.1463414634,0.1097560976,0.1829268293,1,0.3414634146,1,5376,49.8,92.6,62.7,32.6,30.1
51153901221,0.601643666,0.182508916,0.051043429,0.03369187,0.014667817,0.028921795,0.06977826,0.100325632,0.174358974,0,7.300849727,55.71293,0.1750197,31.83791702,771008.2901,0.148232588,2.374604335,79.71700393,5.473842873,0,0,0.026145139,6449,2375,2318,0.1372305784,0.0702434486,0.3123382226,0.08671268335,0.3014736842,0,0.008196721311,0.02631578947,0,0.4734,0.024,0.1842771275,0.6643717728,0.1953528399,0.01721170396,0.004876649455,0.008318990247,0.1098680436,0.07937877481,0.01811906816,42.57573316,0.3589757128,0.6432004962,1060,333,20,16,49,24,8,1,0,9,57,1577,26,0,0.1153846154,0.8461538462,0.03846153846,0,0,1.769230769,0.07692307692,0,0,0.1538461538,0.03846153846,0.03846153846,0.1153846154,0.1153846154,0.03846153846,0,0,0.1538461538,0,0.03846153846,0.07692307692,0.1153846154,0.03846153846,0.3076923077,1,0.3846153846,1,6410,34.3,78.6,49.8,16.5,33.3
51153901222,0.42339939,0.150533537,0.053362573,0.116743472,0.004405286,0.103033772,0.053734756,0.130335366,0.174358974,0,7.318130874,55.95173,0.171749692,33.81133575,762272.3852,0.242340302,0,87.4659339,4.780141909,0,0,0.157746665,2624,924,908,0.06211890244,0.08765243902,0.2378854626,0.109030837,0.01082251082,0,0,0.03303964758,0.000381097561,0.4317,0.01731601732,0.0821812596,0.7870229008,0.07175572519,0.02671755725,0,0.008396946565,0.1061068702,0.0154185022,0.00550660793,43.04654142,0.3182773109,0.8181471597,308,61,2,9,8,4,2,2,0,2,14,412,4,0,0,1,0,0,0,1.75,0.25,0,0,0.25,0.25,0,0,0.25,0,0,0,0.25,0,0,0.25,0.25,0,0,1,0.5,1,2553,38.6,109.4,55.1,18.4,36.7
51153901223,0.570067808,0.153278689,0.03799606,0.088383428,0.048724954,0.080831955,0.066515983,0.129157249,0.154871795,0,7.295777869,55.87334,0.178840553,33.29280021,950962.4761,0.253351136,1.054549243,80.49551526,5.429053165,0,0,0.162416641,6194,2196,2196,0.07636422344,0.101549887,0.2276867031,0.116575592,0,0.006830601093,0.0150273224,0.03233151184,0,0.5423,0,0.07132412673,0.686746988,0.05877167205,0.03526300323,0,0.007640317367,0.2115780194,0.05418943534,0.0223132969,44.01882221,0.3111037234,0.8545366484,1053,206,13,13,55,23,12,1,0,6,49,1431,33,0.0303030303,0.2121212121,0.696969697,0.06060606061,0.0303030303,0.0303030303,1.666666667,0.303030303,0,0.3333333333,0,0,0.06060606061,0,0.1818181818,0,0,0.09090909091,0.09090909091,0,0.0303030303,0.3333333333,0.1515151515,0.1515151515,0.2424242424,1,0.3636363636,1,6300,38.2,97.6,67.3,29,38.3
51153901224,0.483395697,0.110383536,0.066206897,0.1007109,0.049192364,0.059234731,0.047942002,0.170252572,0.206153846,0.004405286,7.26347541,55.69505,0.175484462,32.67403892,1003681.328,0.17945751,1.998385593,58.0515122,5.998653867,0,0,0.047319044,4276,1362,1362,0.06057062675,0.06524789523,0.1160058737,0.02276064611,0,0,0.01321585903,0.01027900147,0,0.2684,0,0.07180094787,0.7223611806,0.1115557779,0.016008004,0,0,0.1500750375,0.04038179148,0.03450807636,44.67480871,0.191025641,0.9031805426,917,194,12,16,35,7,14,0,0,10,144,1349,55,0.03636363636,0.1272727273,0.8363636364,0,0.03636363636,0.01818181818,1.690909091,0.07272727273,0.01818181818,0.1454545455,0.1272727273,0,0.09090909091,0.03636363636,0.2727272727,0.01818181818,0,0.01818181818,0.05454545455,0,0.03636363636,0.09090909091,0.09090909091,0.1818181818,0.2545454545,1,0.2363636364,1,4352,38.7,93.5,72.6,29.3,43.4
51153901225,0.562185043,0.061681113,0.046142754,0.110258481,0.046933667,0.096996997,0.06853457,0.131223544,0.21025641,0.007936508,7.253598361,55.42487,0.174726004,31.78746501,997616.3484,0.106076174,2.900831599,50.01805552,6.267702966,0,0,0,4961,1764,1598,0.03245313445,0.07780689377,0.1188986233,0.03879849812,0.09750566893,0.04648526077,0.0337922403,0.03817271589,0.002015722637,0.7182,0.09410430839,0.1298465267,0.7135830496,0.1059402194,0.02005297011,0,0.04540295119,0.1150208097,0.0337922403,0.04005006258,37.98204361,0.3698033708,0.9133508382,1495,242,10,29,54,21,17,1,0,6,145,2020,69,0.01449275362,0.02898550725,0.9275362319,0.02898550725,0.01449275362,0,1.739130435,0.02898550725,0,0,0.05797101449,0.02898550725,0.04347826087,0.04347826087,0.2753623188,0,0,0.02898550725,0.02898550725,0.04347826087,0,0.02898550725,0.1594202899,0.231884058,0.2028985507,1,0.2608695652,1,4968,37.7,103.1,73.3,20.1,53.2
51153901226,0.657894737,0.088032581,0.031372549,0.084985836,0.022650057,0.089862271,0.081453634,0.108709273,0.180512821,0.007311586,7.235578142,54.9336,0.135344865,26.69661762,606711.6747,0,2.19394247,52.61013047,5.762226532,0,0.138982299,0,6384,1778,1766,0.0584273183,0.06516290727,0.1036240091,0.07134767837,0,0,0.03510758777,0,0,0.2999,0.006749156355,0.08278249921,0.7688078704,0.05034722222,0.02662037037,0,0.008969907407,0.1452546296,0.07191392978,0.0254813137,40.43246445,0.4122180451,0.9423558897,988,242,16,24,47,16,17,1,1,5,66,1423,48,0.02083333333,0.04166666667,0.8541666667,0.08333333333,0.02083333333,0.02083333333,1.6875,0.0625,0,0.02083333333,0.125,0.04166666667,0,0.02083333333,0.1875,0,0.02083333333,0,0.04166666667,0,0.02083333333,0.08333333333,0.1458333333,0.1666666667,0.2708333333,1,0.3333333333,1,6355,35.2,103.4,56.9,15.7,41.2
51153901227,0.718539233,0.185191293,0.02759248,0.068596809,0.056187291,0.219365895,0.072215825,0.082908373,0.180512821,0,7.220422678,54.98349,0.13603319,28.89422644,638008.644,0,1.677083164,41.40129893,5.646458489,0,0.14039161,0,6079,1495,1495,0.09228491528,0.1159730219,0.1284280936,0.05953177258,0,0.009364548495,0.03143812709,0.007357859532,0.001316005922,0.621,0,0.1028129627,0.6742946708,0.163322884,0.01379310345,0.003448275862,0.02884012539,0.1163009404,0.0856187291,0.0254180602,41.73635719,0.2764644351,0.7883380003,1109,216,12,14,49,24,17,3,2,7,91,1544,30,0.03333333333,0.03333333333,0.9333333333,0,0.03333333333,0.03333333333,1.733333333,0.1,0,0.03333333333,0.03333333333,0,0.1333333333,0.03333333333,0.2666666667,0.06666666667,0,0,0.06666666667,0.03333333333,0.03333333333,0.1,0.2333333333,0.2,0.2333333333,1,0.3,1,6181,33.3,107.3,65.8,14.2,51.7
51153901228,0.757677106,0.166000615,0.032413989,0.08089922,0.074313409,0.160834132,0.07555488,0.101854667,0.180512821,0.012385568,7.193119945,54.85516,0.138941747,27.34081636,651737.8126,0,0.305452962,33.22590125,5.437051861,0,0.159274585,0,6578,1857,1857,0.09212526604,0.08041958042,0.1179321486,0.03177167474,0,0.003769520732,0.03931071621,0.007000538503,0.001976284585,0.5636,0,0.1489524392,0.7242086753,0.08089097304,0.01934349355,0.001172332943,0.04425556858,0.1301289566,0.04469574583,0.01615508885,41.84431742,0.3459893048,0.8941355674,910,238,13,15,45,16,8,1,0,12,106,1364,41,0.0243902439,0.09756097561,0.756097561,0.1219512195,0.0243902439,0.0243902439,1.87804878,0,0,0.0243902439,0.07317073171,0,0.09756097561,0.0243902439,0.09756097561,0,0,0,0.1219512195,0.0243902439,0.0487804878,0.0243902439,0.07317073171,0.0487804878,0.4146341463,1,0.3170731707,1,6474,36.2,90.1,65.4,17.7,47.7
51153901229,0.702475871,0.15589593,0.04287902,0.081839274,0.056716418,0.104902297,0.073227025,0.089383131,0.180512821,0.048507463,7.205152459,54.76185,0.132334468,25.63965553,469563.7766,0,0.238329012,43.99226986,4.984798067,0,0.177558818,0,4766,1340,1340,0.06357532522,0.0809903483,0.1037313433,0.02089552239,0,0,0.03582089552,0.005223880597,0,0.3045,0,0.1069394642,0.7172277228,0.1469306931,0.0201980198,0,0.02178217822,0.09386138614,0.02611940299,0.03358208955,47.24759615,0.3186936937,0.8978178766,670,144,8,15,34,5,12,0,1,10,27,926,9,0,0.1111111111,0.8888888889,0,0,0,1.444444444,0.1111111111,0.1111111111,0.1111111111,0.1111111111,0,0.1111111111,0.1111111111,0.3333333333,0,0,0,0,0.1111111111,0,0.1111111111,0.1111111111,0.3333333333,0.3333333333,1,0.2222222222,1,4706,35,79.3,55.2,12.4,42.8
51153901230,0.614917396,0.14254386,0.055408971,0.097727828,0.07394958,0.105891413,0.057580175,0.088678328,0.171282051,0.021848739,7.220308743,54.747,0.115549437,23.87596146,473979.8905,0,0.942108462,59.21272128,5.189426368,0,0.173762774,0,4116,1190,1190,0.09110787172,0.07167152575,0.1403361345,0.0218487395,0.01428571429,0,0.005042016807,0.04453781513,0.0004859086492,0.3961,0,0.1336428048,0.7435657464,0.08656995788,0.01731399158,0,0.03088441741,0.1216658868,0.09159663866,0.05210084034,45.05727224,0.4407284768,0.8266893534,556,103,6,9,23,12,6,2,1,5,21,744,15,0,0.1333333333,0.8666666667,0,0,0,2.133333333,0.06666666667,0,0,0.2,0.06666666667,0.06666666667,0.06666666667,0.1333333333,0,0,0.06666666667,0,0,0,0.06666666667,0.2,0.2,0.3333333333,1,0.2,1,4025,36.5,107.2,55.5,17,38.6
51153901231,0.388320942,0.086212412,0.043163384,0.091650672,0.025411765,0.051546392,0.052509294,0.168060719,0.177435897,0.049694856,7.326269126,55.12127,0.153482421,19.92447709,647886.8472,0.145475581,2.729337828,961.3269838,4.794202493,0,0.016279059,0.101436902,6456,2294,2125,0.06133828996,0.05390334572,0.1581176471,0.03294117647,0.160418483,0,0.01976470588,0.05741176471,0.03159851301,0.5354,0.07367044464,0.03134996801,0.6661576054,0.04917532071,0.08582773366,0,0.01007941356,0.1887599267,0.03717647059,0.02494117647,45.8565512,0.3354508197,0.8134996801,2728,554,23,15,28,10,11,2,0,4,212,3587,96,0.03125,0.1458333333,0.7916666667,0.03125,0.03125,0.01041666667,1.697916667,0.03125,0,0.05208333333,0.04166666667,0.02083333333,0.08333333333,0.04166666667,0.1875,0.01041666667,0.03125,0.0625,0.04166666667,0.0625,0.09375,0.04166666667,0.2083333333,0.1041666667,0.1770833333,1,0.28125,1,6580,40,107.1,66.1,27.3,38.8
51153901232,0.461651197,0.101119259,0.019230769,0.0724694,0.010995724,0.097767857,0.060739293,0.109591272,0.163076923,0.015625,7.282990984,54.59352,0.156266049,21.15057182,592177.7948,0.19129077,0.645867396,1714.125165,5.453192513,0,0.101659308,0.109564027,6141,1728,1637,0.05780817456,0.02458882918,0.1472205254,0.003054367746,0,0.002314814815,0.008552229688,0.003054367746,0.1573033708,0.2267,0.05266203704,0.03380610064,0.6214904679,0.06447140381,0.02010398614,0,0.005199306759,0.2887348354,0.02504581552,0.03176542456,43.61720273,0.4324324324,0.9358454106,1382,333,10,15,18,7,2,1,0,3,152,1923,78,0.07692307692,0.08974358974,0.8076923077,0.02564102564,0.07692307692,0.01282051282,1.730769231,0.02564102564,0.141025641,0,0.1025641026,0,0.1282051282,0,0.2948717949,0,0,0.03846153846,0.05128205128,0.1025641026,0.03846153846,0.03846153846,0.1666666667,0.2179487179,0.1282051282,1,0.2179487179,1,6293,37.9,120.3,44.1,14.9,29.2
51153901233,0.287841191,0.1255691,0.022193211,0.047500367,0.040333187,0.048083033,0.0321121,0.115749526,0.181538462,0.023944275,7.233007923,54.38585,0.119066826,20.88036633,349672.5666,0.067562024,0.606796311,111.166326,3.962220875,0,0.199041712,0,6851,2297,2281,0.1202744125,0.03430156182,0.09513371328,0.07277509864,0,0.1149325207,0.009206488382,0.03814116616,0,0.2795,0.006965607314,0.03196012315,0.7263329706,0.0704570185,0.03237214363,0,0.004352557127,0.1664853101,0.03857957036,0.02718106094,45.42591384,0.3179347826,0.9687636841,1109,272,13,20,32,16,21,0,0,8,154,1645,86,0.03488372093,0.1395348837,0.8023255814,0.02325581395,0.03488372093,0,1.744186047,0.03488372093,0,0.02325581395,0.06976744186,0.01162790698,0.1162790698,0,0.1976744186,0.03488372093,0.01162790698,0.05813953488,0.03488372093,0.05813953488,0.04651162791,0.03488372093,0.2674418605,0.1744186047,0.2441860465,1,0.2674418605,1,7242,41.3,114.6,59.7,16.7,43
51153901234,0.397856664,0.041821248,0.028377545,0.070841889,0,0.058348294,0.040857334,0.151373074,0.171282051,0.041346154,7.173738525,54.3376,0.114662456,21.73509933,406741.3266,0,0.426166774,52.05226337,4.177447346,0,0.297682138,0,2986,1040,1040,0.04152712659,0.0395177495,0.1307692308,0.025,0.008653846154,0,0,0.02307692308,0.009042196919,0.1851,0,0.02464065708,0.6500932256,0.07458048477,0.05655686762,0.004972032318,0,0.2137973897,0.01923076923,0.03173076923,48.05643252,0.30234375,0.9280162217,788,289,3,8,37,14,10,1,0,9,116,1275,59,0,0.1355932203,0.7966101695,0.06779661017,0,0,1.677966102,0.03389830508,0,0.08474576271,0.08474576271,0.01694915254,0.05084745763,0,0.2372881356,0,0.03389830508,0.05084745763,0.05084745763,0.1016949153,0.05084745763,0.03389830508,0.1525423729,0.2203389831,0.2542372881,1,0.3389830508,1,3193,47,87.1,54.5,21.1,33.4
51153901235,0.339214381,0.058255659,0.015494636,0.086099585,0.008394544,0.015450186,0.038948069,0.096537949,0.175384615,0.018572825,7.305967213,55.5639,0.168482614,28.01414325,614805.5949,0.105947948,0,104.3217671,4.259698461,0,0.044497015,0,3004,1023,953,0.01797603196,0.007989347537,0.05981112277,0.01888772298,0,0,0,0.00629590766,0,0.0074,0.06842619746,0.01417704011,0.4829157175,0.243166287,0.04612756264,0,0.009111617312,0.2186788155,0.01573976915,0.01049317943,40.92930029,0.262654321,0.9450732357,349,122,6,6,9,11,7,0,0,3,6,519,2,0,0.5,0.5,0,0,0,1.5,0,0,0,0,0.5,0,0,0,0,0,0,0,0,0,0,0.5,0,0,1,0.5,1,2875,37.4,116.3,63.6,17.8,45.8
51153901236,0.489951706,0.057053292,0.026108075,0.05681999,0.029072682,0.058394161,0.061380277,0.091603053,0.175384615,0.015556636,7.28231612,55.42987,0.165762929,28.8129088,719717.9022,0.098922731,0.91617167,59.70919668,5.404692188,0,0.076228537,0,6419,2057,1995,0.03972581399,0.04424365166,0.09724310777,0.04060150376,0.09042294604,0,0.004511278195,0.006015037594,0.0003115750117,0.1763,0.03014098201,0.07910233965,0.7141566265,0.0843373494,0.05391566265,0.006325301205,0.02560240964,0.1156626506,0.04110275689,0.01804511278,44.53763624,0.2996594005,0.8234377435,1217,404,17,18,55,8,13,3,1,5,96,1837,65,0,0.03076923077,0.9076923077,0.06153846154,0,0,1.738461538,0.03076923077,0,0.01538461538,0.06153846154,0.01538461538,0.07692307692,0.03076923077,0.3230769231,0,0,0,0.03076923077,0.04615384615,0.04615384615,0.03076923077,0.06153846154,0.1692307692,0.2,1,0.2923076923,1,6762,36.2,89,64.6,15.5,49
51153901237,0.468812877,0.114352783,0.080616479,0.101100413,0.063793103,0.042795233,0.068075117,0.047283702,0.174358974,0.034846029,7.283647268,55.60815,0.175421724,30.76627588,757680.308,0.107749289,2.792380598,61.16205887,5.646726673,0,0,0,2982,1234,1160,0.1019450034,0.06338028169,0.25,0.1474137931,0.07455429498,0,0.03103448276,0.00775862069,0,0.5243,0.05996758509,0.1650618982,0.7341538462,0.09292307692,0.04861538462,0,0.016,0.1083076923,0.09224137931,0.003448275862,48.28502415,0.23671875,0.7176391683,460,117,9,8,27,9,8,0,0,1,18,657,9,0,0.1111111111,0.6666666667,0.2222222222,0,0,2,0,0,0,0.1111111111,0,0.1111111111,0.1111111111,0.1111111111,0,0,0,0,0,0,0,0.1111111111,0.3333333333,0.2222222222,1,0.3333333333,1,3079,34,96.9,44.1,4.1,40.1
51153901303,0.477250726,0.098212532,0.014400536,0.057308809,0.04950495,0.09622093,0.088480155,0.058276864,0.172307692,0.005940594,7.241266667,54.23682,0.146712605,28.26367742,591954.0699,0.302704195,0.8484033,2630.700369,7.087112302,0,0.108488097,0.117614141,5165,1515,1515,0.02420135528,0.05401742498,0.1273927393,0.03696369637,0,0,0.01848184818,0,0.0007744433688,0.1717,0,0.1049370765,0.6328368549,0.1080706616,0.07481815033,0,0.003810183582,0.1804641496,0.1313531353,0.02706270627,51.43174134,0.4883928571,0.8664987406,602,151,12,2,1,1,0,0,0,0,67,836,36,0,0.1666666667,0.7777777778,0.05555555556,0,0,1.861111111,0.02777777778,0,0,0.08333333333,0.02777777778,0.1388888889,0,0.3333333333,0.02777777778,0.02777777778,0.1111111111,0.08333333333,0.1111111111,0,0.02777777778,0.25,0.1944444444,0.2222222222,1,0.3333333333,1,5242,36,119.1,53.9,9.2,44.6
51153901304,0.356723338,0.160520607,0.087521174,0.107264297,0.012345679,0.086021505,0.070788253,0.139721793,0.209230769,0.231462926,7.207362295,53.95925,0.140541347,20.03678564,379195.2314,0.171659754,0.078955536,1492.856626,4.302408094,,0.140612845,0.029659571,3235,998,972,0.06398763524,0.1347758887,0.103909465,0.03806584362,0,0.006012024048,0.02777777778,0.01234567901,0,0.4604,0.02605210421,0.1468315301,0.7103960396,0.1367574257,0.03403465347,0,0.009900990099,0.1089108911,0.06069958848,0.03909465021,43.51388889,0.1711864407,0.9239567233,687,335,8,7,22,7,7,0,0,5,110,1188,53,0,0.1698113208,0.7924528302,0.03773584906,0,0,1.528301887,0.03773584906,0.05660377358,0,0.1132075472,0.03773584906,0.07547169811,0,0.2264150943,0.07547169811,0,0.09433962264,0.05660377358,0.1509433962,0.01886792453,0.03773584906,0.2452830189,0.1320754717,0.2641509434,1,0.3396226415,1,3181,40.7,144.9,62.1,22.2,39.9
51153901305,0.241523342,0.060687961,0.029242175,0.101644245,0,0.029229083,0.011056511,0.113759214,0.219487179,0.274831964,7.072805464,53.01148,0.098169964,9.83668407,179803.7856,0.119948396,0.069561466,2084.149365,2.760155603,,0.303630103,0.04592138,4070,1339,1259,0.05749385749,0.08181818182,0.1461477363,0.05639396346,0,0,0,0.03733121525,0,0.0652,0.05974607916,0.04509217738,0.617047817,0.06070686071,0.02744282744,0.009979209979,0,0.2848232848,0.02144559174,0.03494837172,43.48982558,0.3487179487,0.8884520885,880,340,13,14,24,7,14,1,2,1,177,1473,81,0.01234567901,0.2222222222,0.7283950617,0.03703703704,0.01234567901,0,1.543209877,0.02469135802,0.01234567901,0.04938271605,0.1111111111,0.02469135802,0.07407407407,0.01234567901,0.1851851852,0.02469135802,0.03703703704,0.02469135802,0.03703703704,0.1358024691,0.1481481481,0.02469135802,0.3086419753,0.1111111111,0.2962962963,1,0.1851851852,0.1481481481,3944,41,94,50.9,19,31.9
51153901306,0.263928504,0.061988971,0.044646098,0.067644817,0.020883055,0.042307692,0.045826203,0.200608481,0.169230769,0.03156708,7.142773224,53.70509,0.106569856,15.30262334,282595.9029,0.098928441,0.553679854,300.4511606,3.342854984,0,0.521430771,0,5259,1774,1676,0.03498764024,0.03308613805,0.08114558473,0.05131264916,0,0,0.0107398568,0,0.002091652405,0.1596,0.05524239008,0.04287347561,0.6548840745,0.09692132269,0.0144431775,0,0.02584568605,0.2079057393,0.00477326969,0.01133651551,45.0743762,0.4695652174,0.9820884146,1246,447,11,17,50,21,15,1,0,6,155,1969,83,0.02409638554,0.06024096386,0.8313253012,0.0843373494,0.02409638554,0,1.674698795,0,0.01204819277,0,0.07228915663,0,0.06024096386,0.02409638554,0.2168674699,0.01204819277,0,0.02409638554,0.04819277108,0.1084337349,0.04819277108,0,0.1686746988,0.2771084337,0.2289156627,1,0.2289156627,0.9518072289,5068,44.7,100.9,66.5,33.7,32.8
51153901403,0.682694957,0.366557657,0.072700297,0.087810352,0.158961593,0.09332004,0.073022871,0.105814274,0.165128205,0.042019654,7.258681148,54.63028,0.180549271,30.88393054,977083.1264,0.366612226,4.422730184,4687.495242,5.705093064,0,0,0.325971238,7258,2951,2812,0.2026729126,0.2058418297,0.3709103841,0.01173541963,0.4591663843,0,0.09886201991,0.07752489331,0.01832460733,0.8973,0.04710267706,0.1774442418,0.7085009386,0.1794046661,0.007508715473,0.03271654599,0.01126307321,0.06060606061,0.07539118065,0.04658605974,36.09129815,0.3464343598,0.3889122807,3153,506,27,28,128,25,35,0,2,22,329,4255,143,0.01398601399,0.05594405594,0.8251748252,0.1048951049,0.01398601399,0.006993006993,1.678321678,0.07692307692,0.006993006993,0.04195804196,0.04195804196,0,0.04895104895,0.02797202797,0.2167832168,0.006993006993,0.02097902098,0,0.06293706294,0.02797202797,0.02797202797,0.08391608392,0.1328671329,0.1538461538,0.1958041958,1,0.3006993007,1,7489,35.5,114.2,53.4,16.1,37.3
51153901407,0.823261117,0.336919203,0.020736503,0.0672748,0.201037613,0.2067274,0.083238312,0.042873432,0.197948718,0.035669587,7.24122541,54.74085,0.202948994,19.0339834,1078329.222,0.214390834,4.41068974,5115.589548,5.667451078,0,0,0.525354825,4385,1598,1542,0.1961231471,0.2225769669,0.3534370947,0.1011673152,0.4380475594,0,0.05901426719,0.01426718547,0,0.7751,0.03504380476,0.1135689852,0.7264011799,0.1961651917,0.005899705015,0.009955752212,0.01806784661,0.04351032448,0.08365758755,0.04280155642,41.39745567,0.3566979052,0.3927023945,1641,468,12,11,90,17,9,4,14,23,264,2553,100,0,0.08,0.84,0.08,0,0,1.47,0.05,0.29,0,0.07,0.03,0.12,0.01,0.18,0.04,0.01,0.06,0.08,0.19,0.03,0.05,0.25,0.14,0.14,0.97,0.24,1,4207,34.6,102.3,42.6,8.7,33.8
51153901409,0.580809197,0.162071284,0.017282479,0.046854083,0.070965541,0.080970277,0.050409021,0.05836834,,0.018242123,7.218084973,54.12167,0.155699602,12.72587728,581431.9453,0.306242924,0.870076708,11281.03011,5.254083407,0,0.000401169,0.165207398,9046,3015,2931,0.07450806987,0.07804554499,0.2340498124,0.06960081883,0.1936981758,0,0.04435346298,0,0.01514481539,0.5377,0.02786069652,0.0813253012,0.789538715,0.04777594728,0.009678747941,0,0.01235584843,0.1406507414,0.02763561924,0.01398839986,45.80154946,0.3832182916,0.642496352,2007,1198,38,24,70,19,18,3,2,11,487,3877,271,0.007380073801,0.1033210332,0.8118081181,0.07749077491,0.007380073801,0,1.878228782,0.0221402214,0.1033210332,0.0110701107,0.05166051661,0,0.06642066421,0.007380073801,0.2103321033,0.0221402214,0.0184501845,0.0332103321,0.05166051661,0.1660516605,0.0479704797,0.0221402214,0.1143911439,0.1217712177,0.1881918819,1,0.2472324723,1,9185,33.1,99.8,49.4,9.3,40.1
51153901411,0.379436153,0.052974599,0.03610467,0.072222222,0.075356415,0.038694393,0.045936982,0.140961857,0.117948718,0.025037556,7.049350546,53.51964,0.139684521,6.774639548,444379.567,0.06766757,1.027627487,3872.754009,6.242032576,0,0,0.066519828,6030,1997,1964,0.04892205638,0.01293532338,0.1481670061,0.01578411405,0.0300450676,0,0,0.006619144603,0.007628524046,0.1351,0.01652478718,0.05,0.6575154427,0.06314344544,0.03397391901,0.01750171585,0.01201098147,0.2158544955,0.006109979633,0.01221995927,42.85229759,0.2774271845,0.9410093583,2097,355,18,44,69,14,58,3,0,12,86,2756,35,0,0.08571428571,0.8857142857,0.02857142857,0,0,1.485714286,0,0,0,0.08571428571,0,0.05714285714,0.02857142857,0.3142857143,0,0.02857142857,0,0,0.02857142857,0.02857142857,0,0.08571428571,0.2285714286,0.2,0.9714285714,0.2285714286,0.8857142857,5901,43.4,97.6,67.1,25.2,41.9
51153901412,0.365535922,0.052298554,0.031505532,0.06612107,0.008207934,0.013560052,0.097381659,0.03985554,0.172307692,0,7.117303825,53.72243,0.143570621,7.497936201,392068.2804,0.116797124,0.285305005,5239.687031,5.382310528,0,0,0.105045014,7753,2193,2193,0.03585708758,0.03701792854,0.07113543092,0.01915184679,0,0.00683994528,0.0218878249,0.03100775194,0,0.105,0,0.04676539361,0.6561314791,0.09304677623,0.01719342604,0,0.003792667509,0.2298356511,0.05243958048,0.01869585043,41.10472751,0.2636010363,0.934219012,659,205,14,18,22,11,8,1,0,2,53,993,33,0,0.2727272727,0.6363636364,0.09090909091,0,0,1.787878788,0.1212121212,0,0,0.0303030303,0,0.1212121212,0.06060606061,0.1818181818,0,0,0.0303030303,0,0.0303030303,0,0.09090909091,0.1515151515,0.2424242424,0.4242424242,1,0.303030303,1,7645,38.2,96.9,55.7,7.1,48.6
51153901413,0.418531073,0.047098976,0.069227691,0.094847241,0,0.041746457,0.042033898,0.053333333,0.17025641,0.006960557,7.148630055,53.74839,0.14417774,8.502334274,404700.5631,0.14016905,0,7165.229597,4.728430592,0,0,0.114530274,4425,1293,1293,0.01966101695,0.03435028249,0.07347254447,0.09899458623,0,0.00618716164,0.01392111369,0.009280742459,0,0.2911,0,0.05813953488,0.6877386508,0.1209164192,0.009333899024,0,0.002545608825,0.1794654221,0.0154679041,0.01314771848,42.93433299,0.3578767123,0.9428248588,388,123,5,10,17,5,3,1,0,2,30,584,11,0.09090909091,0,0.8181818182,0.09090909091,0.09090909091,0,1.636363636,0,0,0.09090909091,0,0,0,0,0.1818181818,0,0,0,0,0.09090909091,0,0,0.3636363636,0.1818181818,0.4545454545,1,0.2727272727,1,4321,35.1,96.1,56.9,8,48.9
51153901414,0.378338822,0.038053421,0.039674106,0.090659341,0.024238658,0.032206119,0.020307355,0.168313209,0.139487179,0.022045315,7.117794262,53.46698,0.134923811,8.836438622,350894.2539,0.157380696,0,6443.013978,5.503940379,0,0,0.107046024,5466,1633,1609,0.03805342115,0.04427369191,0.05904288378,0.02548166563,0,0,0,0.006836544438,0,0.0801,0.01469687691,0.0173992674,0.6481413324,0.04600662495,0.02613176297,0.002576370997,0.00956937799,0.2675745307,0.009322560597,0.01802361715,41.50628141,0.27,0.9732894255,878,186,9,20,36,4,12,0,0,3,38,1186,21,0,0.09523809524,0.8571428571,0.04761904762,0,0,1.523809524,0.04761904762,0,0.1428571429,0.04761904762,0,0.04761904762,0,0.4285714286,0.04761904762,0,0,0.04761904762,0.09523809524,0.09523809524,0.04761904762,0.09523809524,0.04761904762,0.5238095238,1,0.09523809524,0.619047619,5453,42.5,101,80.8,30.6,50.2
51153901415,0.334317511,0.011355894,0.050376835,0.041286496,0.008778347,0.035113934,0.08017261,0.074948898,,0.023141655,7.164563115,53.70865,0.136491879,9.870704647,444171.7625,0.186489048,0.202635377,8605.292074,5.197768188,0,0,0.116597834,4403,1426,1367,0,0.02475584829,0.06803218727,0.02852962692,0,0,0.005120702268,0,0,0.0398,0.04137447405,0.02851277372,0.6758563074,0.05472013367,0.05179615706,0.01253132832,0.02255639098,0.1825396825,0,0.02048280907,46.6594277,0.2196629213,0.855553032,799,150,10,20,43,11,8,0,0,3,45,1089,22,0,0.2272727273,0.7272727273,0.04545454545,0,0,1.363636364,0.1818181818,0,0.09090909091,0.04545454545,0,0.09090909091,0.04545454545,0.2272727273,0,0,0,0.04545454545,0.04545454545,0.04545454545,0.1818181818,0.04545454545,0.09090909091,0.3181818182,1,0.1363636364,0.9545454545,4498,39.1,108.6,61.9,12.2,49.7
51153901416,0.369628621,0.205910947,0.025993316,0.036399217,0.121299639,0.016753927,0.0771923,0.034804589,,0,7.167143716,53.61287,0.141208433,10.93174712,438879.4065,0.235894242,0.607076652,6121.219071,5.234215496,0,0.045004363,0.114127752,5143,1437,1385,0.192689092,0.01983278242,0.2194945848,0.009386281588,0,0,0.009386281588,0.01083032491,0,0.0879,0.03618649965,0.2344422701,0.6558367964,0.07026822818,0.04835663015,0.007933509634,0.00377786173,0.2138269739,0.008664259928,0.01588447653,41.20975493,0.3352941176,0.9368073109,590,207,13,13,37,8,6,1,0,1,61,937,24,0,0.125,0.875,0,0,0,2.541666667,0,0,0,0.08333333333,0,0.2083333333,0,0.2083333333,0,0,0,0,0.125,0,0,0.1666666667,0.1666666667,0.3333333333,1,0.2916666667,1,5129,36.7,94.9,62.4,6.3,56.1
51153901417,0.281400137,0.099862732,0.012408347,0.085106383,0,0.056256062,0.045298559,0.143102265,0.166153846,0.192064923,7.069313388,53.02802,0.119054681,7.154853106,304704.7965,0.145635746,0.144079864,3721.163806,4.412729244,0,0.062162312,0.061712742,2914,1109,1029,0.0778997941,0.05387783116,0.1788143829,0.1049562682,0,0,0.02235179786,0.003887269193,0,0.1948,0.07213706041,0.0370624571,0.7255594817,0.0418138987,0.03886925795,0.01001177856,0.004711425206,0.1790341578,0.01846452867,0.01749271137,41.64275466,0.4574561404,0.9052848318,848,284,19,14,39,3,12,0,0,2,186,1407,76,0.02631578947,0.1710526316,0.7105263158,0.09210526316,0.02631578947,0,1.802631579,0.01315789474,0,0.03947368421,0.09210526316,0.06578947368,0.1315789474,0.01315789474,0.2236842105,0.02631578947,0.02631578947,0.09210526316,0.03947368421,0.1184210526,0.05263157895,0.01315789474,0.1973684211,0.1578947368,0.1842105263,1,0.2368421053,0.2763157895,3054,43.6,93.8,62,21.8,40.2
51153901418,0.834821429,0.230407155,0.020378977,0.072894551,0.078637771,0.225558404,0.102443609,0.078947368,0.185641026,0,7.223435792,54.60217,0.203530081,18.34058665,877362.1922,0.226307363,0.752255912,6239.032357,5.351364156,0,0,0.367330819,4256,1797,1615,0.1346334586,0.1997180451,0.186996904,0.07987616099,0.6432943795,0,0.1139318885,0.01486068111,0,0.7186,0.101279911,0.1814107101,0.6073198628,0.1349599695,0,0.06747998475,0,0.190240183,0.1380804954,0.1164086687,35.93808851,0.2688932981,0.251174812,980,498,32,12,50,17,8,3,1,12,120,1733,61,0,0.1147540984,0.7868852459,0.09836065574,0,0,1.409836066,0.03278688525,0.262295082,0,0.04918032787,0,0.01639344262,0,0.1803278689,0.01639344262,0.01639344262,0.131147541,0.06557377049,0.1475409836,0.03278688525,0.03278688525,0.2295081967,0.2295081967,0.1147540984,0.9508196721,0.262295082,1,4338,36.5,82.6,50.9,15,35.9
51153901419,0.871253584,0.493614803,0.00984456,0.052631579,0.221645663,0.257922535,0.121970289,0.049517852,0.185641026,0,7.241790164,54.72354,0.206578348,19.64821031,979250.1006,0.214662233,0.766767565,5220.87153,5.691840172,0,0,0.500864601,3837,1404,1349,0.3455824863,0.1910346625,0.481097109,0.08747220163,0.3511396011,0,0.06449221646,0.0585618977,0,0.864,0.03917378917,0.1851269966,0.7447478992,0.1890756303,0,0.008928571429,0,0.05724789916,0.0785767235,0.02594514455,27.04735376,0.4010048721,0.2942402919,597,93,11,4,21,20,6,2,2,7,25,788,9,0,0.1111111111,0.8888888889,0,0,0,1.444444444,0.4444444444,0,0,0.2222222222,0,0,0,0.2222222222,0.1111111111,0,0,0.3333333333,0,0,0.4444444444,0.2222222222,0.2222222222,0,1,0.5555555556,1,3801,26.6,73.6,72.5,8.8,63.7
51153901420,0.43715342,0.090804067,0.02378687,0.033502773,0.026387625,0.063323417,0.058918669,0.049907579,0.148717949,0.011828935,7.20072623,54.15242,0.144223011,11.18063706,555596.3442,0.218103512,0.935752388,27419.69553,5.437897325,0,0,0.162991953,4328,1099,1099,0.04574861368,0.04482439926,0.07097361237,0.03002729754,0,0,0.03002729754,0.0009099181074,0,0.1157,0,0.06908502773,0.7991927346,0.06559031282,0.01463168517,0,0.01059535822,0.1099899092,0.02911737944,0.04822565969,46.77154195,0.2736577181,0.9013401109,443,159,12,11,26,11,5,0,0,3,42,712,24,0,0.125,0.8333333333,0.04166666667,0,0,1.791666667,0.04166666667,0,0,0,0.04166666667,0.04166666667,0,0.2083333333,0,0.04166666667,0,0,0,0.04166666667,0.04166666667,0.125,0.125,0.125,1,0.1666666667,1,4184,31.1,107.7,80.1,11.4,68.7
51153901421,0.418205318,0.01957164,0.071765499,0.041851852,0.009509876,0.041680672,0.117060561,0.052806499,0.148717949,0,7.16907623,54.08448,0.145737437,9.792885342,599375.2401,0.160804057,1.442536194,17675.5175,5.31892249,0,0,0.134584421,5416,1382,1367,0.01957163959,0.02714180207,0.03803950256,0.04681784931,0.01591895803,0,0,0.0153621068,0.007200886263,0.2119,0.01085383502,0.03814814815,0.7132132132,0.01989489489,0.02177177177,0,0,0.2451201201,0.03657644477,0.02560351134,43.33374384,0.3830578512,0.9111028455,1688,618,18,17,63,18,12,2,0,10,396,2842,152,0.01973684211,0.07894736842,0.7828947368,0.1184210526,0.02631578947,0,1.585526316,0.01315789474,0.1513157895,0,0.04605263158,0.01315789474,0.06578947368,0.006578947368,0.1907894737,0.01973684211,0.01973684211,0.07236842105,0.03289473684,0.09210526316,0.07236842105,0.01315789474,0.1644736842,0.1776315789,0.1907894737,0.9276315789,0.2763157895,1,5336,33.8,98.1,76.5,12.2,64.3
51153901503,0.230148301,0.046069951,0.028068989,0.103059884,0.017204301,0.038461538,0.047493899,0.18828609,0.173333333,0.074733096,7.166689071,55.10022,0.126992287,8.032805235,312814.1955,0.071820245,0.20809215,2177.196051,5.143982653,0,0,0.087515701,5327,1967,1860,0.02384081096,0.05425192416,0.08440860215,0.03387096774,0,0,0.004838709677,0,0,0.0629,0.05439755974,0.02102496715,0.67623096,0.05632306057,0.01416932341,0,0.006376195537,0.2469004605,0.02795698925,0.006989247312,42.86688617,0.4470930233,0.9720292848,1747,579,27,18,38,12,16,6,2,8,476,2929,214,0.02336448598,0.1495327103,0.7990654206,0.02803738318,0.02803738318,0,1.803738318,0.01401869159,0.1682242991,0,0.08878504673,0.03738317757,0.1028037383,0.009345794393,0.2663551402,0.05607476636,0.01869158879,0.09345794393,0.06542056075,0.1495327103,0.06074766355,0.01401869159,0.2523364486,0.2102803738,0.1822429907,0.9719626168,0.3551401869,0.5373831776,5509,42.7,110.8,78.6,32.4,46.1
51153901504,0.281539108,0.046587216,0.062906725,0.242903575,0.04921875,0.017077799,0.017872161,0.640243902,0.201025641,0,7.14710765,54.44747,0.180949603,8.260235306,665546.7893,0.077071045,0.274337256,4733.523317,7.104761769,0,0,0.121510619,4756,2655,2560,0.02460050463,0.01072329689,0.17109375,0.067578125,0.1303201507,0,0,0.026171875,0.02964676198,0.3614,0.03578154426,0.01473456121,0.512345679,0.03935185185,0.0100308642,0.04398148148,0.01234567901,0.3819444444,0.017578125,0.0296875,30.09987516,0.4162307692,0.8301191766,3122,386,16,61,123,33,45,1,0,7,155,3949,79,0,0.1518987342,0.7974683544,0.05063291139,0,0,1.949367089,0.01265822785,0.164556962,0,0.08860759494,0,0.08860759494,0,0.2405063291,0,0.0253164557,0.08860759494,0.07594936709,0.1392405063,0.0253164557,0.01265822785,0.3544303797,0.3164556962,0.164556962,0.9746835443,0.3164556962,1,4897,72.4,79.4,256.4,221.5,34.9
51153901505,0.337708995,0.089539865,0.05328071,0.071052632,0.026617715,0.036733791,0.027497582,0.111786652,0.172307692,0.013767783,7.065218306,54.3836,0.156329145,6.548174136,374637.8391,0,0,2971.557069,6.286016652,0,0,0.09613267,7237,2179,2179,0.04946801161,0.09133618903,0.0711335475,0.05507113355,0,0.01330885727,0,0.006883891693,0,0.1754,0,0.04695290859,0.6467539553,0.08074195308,0.02645935625,0.005728314239,0.01500272777,0.2253136934,0.02661771455,0.05874254245,45.33890845,0.2902777778,0.9868730137,689,216,17,21,26,8,10,0,1,1,48,1037,35,0.02857142857,0.1142857143,0.7428571429,0.1142857143,0.02857142857,0.02857142857,1.4,0.1142857143,0,0,0.08571428571,0.02857142857,0,0.08571428571,0.2571428571,0,0,0.02857142857,0.05714285714,0.05714285714,0.02857142857,0.1428571429,0.1428571429,0.2,0.4571428571,1,0.2285714286,1,7208,43.8,98.4,56.9,20.1,36.8
51153901506,0.612410842,0.089443652,0.003377501,0.042030021,0.102153506,0.062361351,0.072039943,0.056633381,0.17025641,0.002139037,7.075037705,54.13087,0.179633357,6.843752222,601753.7969,0,0.83968763,3484.00807,8.18312398,0,0,0.085338884,7010,1870,1811,0.07318116976,0.1271041369,0.07012700166,0.08834897846,0,0,0.05080066262,0.001656543346,0,0.2702,0.03155080214,0.08406004289,0.7351683592,0.07188669161,0.03928380545,0.009086050241,0.006948156066,0.1376269375,0.04583103258,0.05963556046,40.77936164,0.331097561,0.7219686163,516,185,5,3,21,11,6,0,0,4,76,827,28,0,0.1071428571,0.8928571429,0,0,0,1.785714286,0.2142857143,0.1071428571,0,0.03571428571,0,0,0,0.25,0.03571428571,0,0.03571428571,0.03571428571,0.03571428571,0,0.1785714286,0.07142857143,0.25,0.1428571429,1,0.2142857143,1,6803,31.8,116.5,52.8,8.4,44.4
51153901507,0.475295755,0.119345859,0.030103996,0.077754533,0.032930845,0.036542923,0.100904662,0.072720946,0.171282051,0.044852192,7.072266393,54.06354,0.163339787,6.826187576,623076.4667,0.042961327,0.796963676,3303.357942,8.391445648,0,0,0.047969942,2874,981,911,0.08176757133,0.05080027836,0.1558726674,0.06586169045,0.01732925586,0,0,0,0.002435629784,0.2503,0.07135575943,0.07461645746,0.746277205,0.1025200458,0.003436426117,0.004581901489,0.008018327606,0.1351660939,0.009879253568,0.01317233809,37.16247518,0.2438848921,0.8405999302,812,370,13,5,29,6,8,1,0,14,130,1388,38,0.02631578947,0.1578947368,0.7894736842,0.02631578947,0.02631578947,0,1.447368421,0,0.2631578947,0,0.05263157895,0,0.05263157895,0,0.3684210526,0.02631578947,0,0.1052631579,0.02631578947,0.1315789474,0.1578947368,0,0.2894736842,0.1052631579,0.1842105263,0.7894736842,0.3157894737,1,2954,34.5,117.2,54.4,11.1,43.3
51153901508,0.55389948,0.150433276,0.038580247,0.052686308,0.049944506,0.059850374,0.093067591,0.085615251,,0.022653722,7.030750546,53.67938,0.149238778,6.233590103,468447.3305,0,2.357783236,3068.288093,6.867800587,0,0,0.020263568,5770,1854,1802,0.12305026,0.07105719237,0.2513873474,0.03440621532,0.1720604099,0.01186623517,0.02719200888,0.06881243063,0,0.6317,0.02804746494,0.04436741768,0.6799357945,0.1136436597,0.01926163724,0.006741573034,0.027929374,0.1524879615,0.04827968923,0.06270810211,39.38162879,0.3782879819,0.7882149047,2260,439,17,31,108,18,18,2,2,6,179,3080,99,0.0202020202,0.06060606061,0.8484848485,0.07070707071,0.0202020202,0.0101010101,1.747474747,0.0202020202,0,0,0.0303030303,0.0101010101,0.0404040404,0.0101010101,0.2929292929,0.0202020202,0,0.0202020202,0.0202020202,0.1515151515,0.0303030303,0.0202020202,0.1717171717,0.1818181818,0.2222222222,1,0.2222222222,1,6035,34.9,105.2,52.1,10.8,41.2
51153901509,0.359389155,0.049720888,0.01877053,0.072741393,0,0.0275,0.041930892,0.086579526,0.178461538,0.033806344,6.959657377,54.03897,0.106952991,4.807985149,183782.0852,0.019714216,0.067519657,1049.469179,4.565510676,0,0,0,7727,2396,2350,0.04024847936,0.1423579656,0.05106382979,0.03361702128,0.007095158598,0,0,0.01489361702,0.0001294163323,0.1027,0.01919866444,0.04348951592,0.6563821846,0.05225180393,0.01592435929,0,0.004478726051,0.2709629261,0.03574468085,0.02255319149,45.73208191,0.3447368421,0.9438260419,1304,502,27,22,40,17,17,2,1,8,256,2196,62,0,0.2258064516,0.7096774194,0.06451612903,0,0,1.467741935,0.04838709677,0.08064516129,0,0.09677419355,0.06451612903,0.04838709677,0.03225806452,0.2580645161,0.08064516129,0,0.1612903226,0.01612903226,0.1129032258,0.1290322581,0.04838709677,0.1774193548,0.1129032258,0.1612903226,1,0.2580645161,0.2419354839,7915,36.8,117.1,64.6,15.6,49.1
51153901510,0.352069179,0.030153085,0.016858917,0.0648177,0.015797032,0.020747889,0.054817789,0.100525015,0.190769231,0,6.998020492,54.03059,0.124894709,5.064661754,335535.6132,0,0,1991.348808,5.951835481,0,0,0,6476,2132,2089,0.02594193947,0.02022853613,0.0483484921,0.05505026328,0.00703564728,0,0.004786979416,0,0,0.0453,0.02016885553,0.02804612029,0.6528370958,0.03721781574,0.04270896888,0.002135448444,0.01494813911,0.250152532,0.001914791766,0.0287218765,48.0421074,0.2346796657,0.805435454,625,259,5,12,22,10,14,0,0,0,49,996,23,0.04347826087,0.1304347826,0.7391304348,0.08695652174,0.04347826087,0,1.47826087,0,0.08695652174,0,0.04347826087,0.1304347826,0.04347826087,0,0.08695652174,0,0,0.08695652174,0,0.04347826087,0.1304347826,0,0.2608695652,0.347826087,0.2608695652,1,0.3043478261,0.9565217391,6380,39.5,96.4,73.1,22.8,50.4
51153901511,0.19128053,0.017804154,0.018308081,0.125343721,0.005297234,0.024405705,0.015978087,0.335539831,0.175384615,0.005720824,6.993227049,54.23153,0.108891426,4.43262802,199647.0654,0,0.09689622,1330.829672,5.672076161,0,0,0,4381,1748,1699,0.01597808719,0.01848892947,0.079458505,0.006474396704,0.1298627002,0,0,0.01118304885,0,0.0722,0.02803203661,0.02428964253,0.6156310058,0.09865470852,0.0134529148,0.005124919923,0,0.267136451,0.008828722778,0.02354326074,46.34615385,0.2159090909,0.9860762383,957,215,6,23,36,6,4,0,0,1,26,1274,9,0.1111111111,0.1111111111,0.7777777778,0,0.1111111111,0.1111111111,1.333333333,0,0,0,0,0,0,0,0.1111111111,0,0,0,0,0.1111111111,0,0.1111111111,0.1111111111,0.3333333333,0.3333333333,1,0.2222222222,1,4515,50.8,89.4,133.3,80,53.3
51153901601,0.789889078,0.4376491,0.042202779,0.090185105,0.030563515,0.239407509,0.097696246,0.134172355,0.191794872,0.013805004,7.2851,54.98499,0.169661101,25.20182499,857631.2688,0.270620022,1.414586791,3216.915637,5.00951769,0,0,0.564792941,4688,1159,1047,0.2284556314,0.2357081911,0.323782235,0.1069723018,0.08283002588,0,0.07640878701,0.04775549188,0.008959044369,0.9477,0.0966350302,0.2343951786,0.8099219621,0.08528428094,0.004459308807,0,0.03567447046,0.0646599777,0.141356256,0.04584527221,37.23778308,0.4720323741,0.7367628067,1288,290,18,10,64,16,9,0,0,8,144,1847,93,0,0.0752688172,0.8172043011,0.1075268817,0,0,1.784946237,0.05376344086,0,0.03225806452,0.1290322581,0,0.04301075269,0.03225806452,0.1612903226,0.02150537634,0.01075268817,0,0.0752688172,0.02150537634,0.01075268817,0.05376344086,0.1505376344,0.1505376344,0.1397849462,1,0.311827957,1,3651,35.5,78.7,75.3,25.5,49.8
51153901602,0.689387609,0.227852672,0.014952888,0.068759699,0.094764998,0.161139217,0.073176555,0.086427122,0.2,0.057699656,7.28524918,55.07397,0.195442558,23.28617087,928369.685,0.240638283,2.432157653,3460.985886,5.234291653,0,0,1.217278623,8377,2617,2617,0.1009908082,0.1327444192,0.243408483,0.0343905235,0.1497898357,0,0.01987008024,0.01719526175,0,0.5257,0,0.1462337352,0.6844987363,0.1307919124,0.04380791912,0.00800336984,0.03748946925,0.09540859309,0.05273213603,0.07604126863,35.37601863,0.3320378151,0.6504715292,2353,662,35,25,62,27,26,2,4,33,411,3640,216,0.02314814815,0.1157407407,0.8009259259,0.06018518519,0.02314814815,0.01851851852,1.75462963,0.05092592593,0.1296296296,0,0.06944444444,0,0.0462962963,0.01851851852,0.1990740741,0.01388888889,0.01388888889,0.009259259259,0.1111111111,0.1157407407,0.0462962963,0.06944444444,0.162037037,0.1759259259,0.1527777778,0.9814814815,0.2407407407,1,7912,34,113.8,48.5,13.1,35.4
51153901702,0.744667098,0.337302446,0.121312838,0.111038537,0.181013677,0.350798959,0.054729584,0.07778496,0.226666667,0.109727626,7.319180328,55.21243,0.154791464,21.55549251,790502.577,0.247024691,0.465801107,2401.566183,4.23155093,0,0,0.305181372,4641,1285,1243,0.1704374057,0.3201896143,0.2220434433,0.08608205953,0,0.1571984436,0.1448109413,0.06516492357,0,0.9107,0.0326848249,0.1693881994,0.7091425865,0.1326385599,0.02842254856,0.05637138797,0.003789673141,0.06963524396,0.05470635559,0.03861625101,38.84419552,0.2704022989,0.6171083818,871,124,10,8,19,7,1,2,1,18,111,1172,51,0,0.1176470588,0.8431372549,0.03921568627,0,0,1.803921569,0.07843137255,0,0.05882352941,0.1568627451,0,0.01960784314,0,0.1960784314,0,0,0,0.1568627451,0.07843137255,0.03921568627,0.07843137255,0.3137254902,0.07843137255,0.1568627451,1,0.2156862745,1,4815,30.8,118.9,56.8,12,44.7
51153901703,0.682795699,0.236174636,0,0.055417701,0,0.249219238,0.038461538,0.097187758,0.185641026,0.261603376,7.290986612,54.88631,0.156700918,25.87427702,861200.6182,0.265225306,1.56277071,3021.68829,5.31143107,0,0,0.332388705,2418,711,672,0.03308519438,0.2034739454,0.2217261905,0.02083333333,0,0,0,0.03125,0,0.2545,0.05485232068,0.1567411084,0.7582903464,0.1849668386,0.01547531319,0,0.02284450995,0.01842299189,0.07886904762,0.03422619048,32.67454955,0.45,0.9900744417,601,114,10,5,15,9,5,3,0,3,89,854,67,0.01492537313,0.1343283582,0.7910447761,0.05970149254,0.01492537313,0,1.507462687,0.02985074627,0,0,0.1641791045,0,0.1641791045,0.0447761194,0.1940298507,0.01492537313,0.02985074627,0,0.01492537313,0.02985074627,0.0447761194,0.02985074627,0.2686567164,0.1492537313,0.2537313433,1,0.4029850746,1,2574,36.2,104.8,54.9,15,39.9
51153901704,0.890003039,0.364425505,0.068151684,0.090107886,0.318533815,0.247506379,0.109693102,0.112123974,0.185641026,0.083254939,7.278997268,54.82831,0.177788097,29.43113879,872022.2329,0.275623941,7.353389459,3546.259768,5.647360407,0,0,0.439333507,6582,2126,1937,0.1681859617,0.3915223336,0.3758389262,0.07537429014,0.3626528692,0,0.069179143,0.04439855447,0.0007596475235,0.9426,0.08889934149,0.1853821608,0.6087218045,0.2177443609,0,0.06857142857,0,0.104962406,0.0758905524,0.03252452246,33.65094023,0.342469352,0.4237494298,2416,333,25,29,68,30,18,2,7,22,128,3078,79,0.01265822785,0.06329113924,0.8481012658,0.07594936709,0.01265822785,0.01265822785,1.810126582,0.05063291139,0,0.01265822785,0.1139240506,0,0.07594936709,0.03797468354,0.2278481013,0.03797468354,0.0253164557,0,0.1518987342,0.03797468354,0.01265822785,0.06329113924,0.164556962,0.1518987342,0.1518987342,1,0.3291139241,1,7116,32.7,150,65.4,18.1,47.2
51153901900,0.779272868,0.262259024,0.028372093,0.058731809,0.123003884,0.230222222,0.09509639,0.07413637,0.191794872,0.041211102,7.341177869,55.40999,0.165069521,18.63466229,923239.3439,0.234924353,4.298004764,2035.376052,5.161822333,0,0,0.200458642,7729,2378,2317,0.1719497995,0.2600595161,0.318083729,0.1570996979,0.373843566,0.004205214466,0.0681916271,0.01424255503,0.001164445595,0.913,0.02565180824,0.1916580042,0.7662059104,0.144184938,0.002144899905,0,0.003574833174,0.08388941849,0.04747518343,0.03841173932,36.78627145,0.283114962,0.4571243523,1697,413,31,16,35,13,16,5,1,18,287,2532,159,0.01257861635,0.1006289308,0.8176100629,0.06918238994,0.01257861635,0.006289308176,1.767295597,0.06289308176,0,0.006289308176,0.07547169811,0,0.05031446541,0.006289308176,0.1886792453,0.01886792453,0,0.006289308176,0.05660377358,0.07547169811,0.03773584906,0.05660377358,0.106918239,0.1572327044,0.1320754717,1,0.2830188679,1,8141,30.7,119.1,59.8,11.9,47.9
51153980100,0,0,0,0,0,0,0,0,,0,7.034343443,53.42164,0.087736083,16.26577646,119074.4993,0.079956527,0.026339633,969.668348,2.257739782,,11.03523014,0,0,0,0,,,,,,,,,,,,,,,,,,,,,,,,215,110,1,0,3,0,2,0,0,0,168,499,64,0.03125,0.15625,0.734375,0.078125,0.03125,0.015625,1.40625,0.015625,0,0,0.1875,0.03125,0.09375,0,0.234375,0.046875,0.046875,0.09375,0.0625,0.09375,0.109375,0.03125,0.46875,0.09375,0.21875,0.953125,0.296875,0.078125,0,,,,,