X,Y,OBJECTID,NAME,ADDRESS,CITY,ZIP,UPDATE_DATE,STATUS
11730798.302111,7018753.54482451,5464,BULL RUN ASSEMBLY OF GOD,1815 LOUDOUN DRIVE,HAYMARKET,20169,2021/08/25 19:20:57+00,1
11714907.2221602,6999142.59696625,5465,OLIVE BRANCH BAPTIST CHURCH,4203 MOUNTAIN ROAD,HAYMARKET,20169,2021/08/25 19:21:16+00,1
11756885.2136233,6990610.6215343,5466,SUDLEY UNITED METHODIST CHURCH,5308 SUDLEY ROAD,CATHARPIN,20143,2021/08/25 19:21:40+00,1
11754756.9996053,6992483.00016004,5467,LIGHTHOUSE ASSEMBLY OF GOD,5012 GUM SPRING ROAD,MANASSAS,20109,2019/07/26 20:03:31+00,1
11717811.0898109,6984070.81736821,5468,OAKRUM BAPTIST CHURCH,16419 THOROUGHFARE ROAD,BROAD RUN,20137,2021/08/25 19:22:09+00,1
11728188.7950365,6979326.94126779,5469,ST PAULS EPISCOPAL CHURCH,6750 FAYETTE STREET,HAYMARKET,20169,2021/08/25 19:22:21+00,1
11730106.0000303,6979485.99969994,5470,HAYMARKET BAPTIST CHURCH,14800 WASHINGTON STREET,HAYMARKET,20169,2019/07/26 20:03:31+00,1
11761618.3192917,6975783.57614449,5471,MANASSAS MOSQUE,12950 CENTER ENTRANCE COURT,MANASSAS,20109,2021/08/25 19:25:54+00,1
11734996.4166749,6975460.18721619,5472,GAINESVILLE UNITED METHODIST CHURCH,14200 JOHN MARSHALL HIGHWAY,HAYMARKET,20169,2021/08/25 19:26:29+00,1
11757327.9999277,6974117.50049494,5473,HOLY LIGHT UNITED BAPTIST CHURCH,7319 OLD COMPTON ROAD,MANASSAS,20109,2019/07/26 20:03:31+00,1
11771412.5623728,6973798.62535864,5474,BETHLEHEM LUTHERAN CHURCH,9748 COPELAND DRIVE,MANASSAS,20109,2021/08/25 19:26:55+00,1
11779191.000012,6973357.99969423,5475,PARKLAND IMMANUEL CHURCH OF GOD,8709 PARKLAND STREET,MANASSAS,20111,2019/07/26 20:03:31+00,1
11777959.9646189,6972471.26382141,5476,IGLESIA PENTECOSTAL LA ULTIMA COSECHA,8738 YORKSHIRE LANE,MANASSAS,20111,2021/08/25 19:27:16+00,1
11758442.4582967,6971872.04154885,5477,DEAN DIVERS CHRISTIAN CHURCH,7702 BETHLEHEM ROAD,MANASSAS,20109,2021/08/25 19:27:34+00,1
11784358.3272489,6971985.05556495,5478,MISION CRISTIANA AGAPE ASAMBLIA DE DIOS,8025 RUGBY ROAD,MANASSAS,20111,2021/08/25 19:55:32+00,1
11766641.8753923,6971833.12494081,5479,WESTOVER BAPTIST CHURCH,10301 SUDLEY MANOR DRIVE,MANASSAS,20109,2021/08/25 19:56:13+00,1
11728552.1046049,6971829.41652481,5480,MOUNT PLEASANT BAPTIST CHURCH,15008 LEE HIGHWAY,GAINESVILLE,20155,2021/08/25 19:56:39+00,1
11765801.2914556,6971842.60462081,5481,HOPE LUTHERAN CHURCH ,10391 SUDLEY MANOR DRIVE,MANASSAS,20109,2021/08/25 19:57:08+00,1
11782120.3852308,6971020.53127605,5483,ST MARKS UNITED METHODIST CHURCH,7803 WELL STREET,MANASSAS,20111,2020/09/30 18:29:14+00,1
11782573.9350552,6969835.58125895,5484,ALIANZA CRISTIANA Y MISIONERA DE VIRGINIA,8220 SPRUCE STREET,MANASSAS,20111,2021/08/25 19:57:41+00,1
11781968.0004626,6969595.99981873,5485,EMMANUEL BAPTIST CHURCH,8006 CENTREVILLE ROAD,MANASSAS,20110,2019/07/26 20:03:31+00,1
11774022.0003272,6969330.00020248,5486,LOCH LOMOND BAPTIST CHURCH,9325 MACE STREET,MANASSAS,20111,2019/07/26 20:03:31+00,1
11782823.9994394,6969029.4999782,5487,RIVER OF LIFE PENTECOSTAL HOLINESS CHURCH,8216 BIRCH STREET,MANASSAS,20111,2020/07/31 19:48:40+00,1
11763810.5420137,6968754.58362594,5488,MANASSAS PRESBYTERIAN CHURCH,8201 ASHTON AVENUE,MANASSAS,20109,2021/08/25 19:58:00+00,1
11772107.9996854,6968497.5834337,5489,GREATER MOUNT CALVARY CHRISTIAN CHURCH,9514 WESTMORELAND AVENUE,MANASSAS,20110,2021/08/25 19:58:19+00,1
11719969.0000849,6968626.50016983,5490,GAINESVILLE PRESBYTERIAN CHURCH,16127 LEE HIGHWAY,GAINESVILLE,20155,2019/07/26 20:03:31+00,1
11779672.0002045,6968481.5004897,5491,CHRISTIAN & MISSIONARY ALLIANCE,8040 MCLEAN WAY,MANASSAS,20111,2019/07/26 20:03:31+00,1
11769080.9379226,6967434.18759272,5492,TABERNACLE BAPTIST CHURCH,8275 BARRETT DRIVE,MANASSAS,20109,2021/08/25 19:58:44+00,1
11772569.9583419,6966494.27053584,5493,ANTIOCH CHURCH OF CHRIST,8310 PLANTATION LANE,MANASSAS,20110,2021/08/25 19:59:33+00,1
11768562.9997461,6966441.49971978,5494,PENTECOSTAL CHURCH OF GOD,8441 IRONGATE WAY,MANASSAS,20109,2019/07/26 20:03:31+00,1
11763516.0004454,6962800.0000684,5495,MANASSAS PENTECOSTAL CHURCH,8727 WELLINGTON ROAD,MANASSAS,20109,2019/07/26 20:03:31+00,1
11766326.0003201,6962353.00000398,5496,MANASSAS CHURCH OF GOD,8823 RIXLEW DRIVE,MANASSAS,20109,2019/07/26 20:03:31+00,1
11725764.9995783,6956940.00031894,5497,GREENWICH PRESBYTERIAN CHURCH,15305 VINT HILL ROAD,NOKESVILLE,20181,2019/07/26 20:03:31+00,1
11723489.0003442,6956011.49983807,5498,OAK DALE BAPTIST CHURCH,9532 AUBURN ROAD,NOKESVILLE,20181,2019/07/26 20:03:31+00,1
11787462.4785477,6952104.99999444,5499,BUCKHALL UNITED METHODIST CHURCH,10251 MOORE DRIVE,MANASSAS,20111,2021/08/25 19:59:53+00,1
11783335.0000159,6951390.00018577,5500,SIKH CENTER OF VIRGINIA,8015 BUCKHALL ROAD,MANASSAS,20111,2019/07/26 20:03:31+00,1
11779553.8119164,6950693.62463312,5501,FIRST AFRICAN METHODIST EPISCOPAL CHURCH OF MANASSAS,10313 GRANT AVENUE,MANASSAS,20108,2021/08/25 20:00:44+00,1
11753829.1460364,6950439.64600889,5502,BRISTOW ASSEMBLY OF GOD CHURCH,11804 NOKESVILLE ROAD,BRISTOW,20136,2021/08/25 20:40:02+00,1
11748264.2083032,6949412.91627993,5503,COLCHESTER FREE WILL BAPTIST CHURCH,10405 SCHAEFFER LANE,NOKESVILLE,20181,2021/08/25 20:40:19+00,1
11758709.395897,6946423.31243715,5504,NEW HOPE BAPTIST CHURCH,10909 BRISTOW ROAD,BRISTOW,20136,2021/08/25 20:42:21+00,1
11774364.5001675,6941770.16708881,5505,CALVARY CHAPEL OF MANASSAS,9312 BRENTSVILLE ROAD,MANASSAS,20112,2021/08/25 20:42:48+00,1
11744840.0004281,6939325.49995054,5506,NOKESVILLE CHURCH OF THE BRETHEREN,13002 FITZWATER DRIVE,NOKESVILLE,20181,2019/07/26 20:03:31+00,1
11746931.49995,6937888.58295719,5508,NOKESVILLE GOSPEL CHAPEL,12809 FITZWATER DRIVE,NOKESVILLE,20181,2021/08/25 20:43:34+00,1
11768495.6873621,6935636.7293871,5509,BRENTSVILLE PRESBYTERIAN CHURCH,12305 BRISTOW ROAD,BRISTOW,20136,2021/08/25 20:43:49+00,1
11822965.2497808,6934730.39543426,5510,ST MATTHEWS LUTHERAN CHURCH,12351 ALL SAINTS PLACE,WOODBRIDGE,22191,2021/08/25 20:44:15+00,1
11807746.0001026,6934233.49994579,5511,REAL LIFE CHURCH,5023 DAVIS FORD ROAD,DALE CITY,22191,2021/07/28 19:39:16+00,1
11832656.9999338,6934196.49949776,5512,LAKE RIDGE BAPTIST CHURCH,12450 CLIPPER DRIVE,WOODBRIDGE,22192,2019/07/26 20:03:31+00,1
11746893.582766,6933475.22896908,5513,NOKESVILLE UNITED METHODIST CHURCH,12550 ADEN ROAD,NOKESVILLE,20181,2021/08/25 20:49:53+00,1
11836883.5555858,6934109.40266567,5514,IGLESIA PENTECOSTES LA SENDA DE VIDA ETERNA,209 WASHINGTON STREET,OCCOQUAN,22125,2020/04/29 16:43:44+00,1
11818437.9998566,6932944.4997526,5515,THE CHURCH OF JESUS CHRIST OF LATTER-DAY SAINTS,3718 OLD BRIDGE ROAD,WOODBRIDGE,22192,2020/07/07 20:45:42+00,1
11746745.0003658,6932085.5004558,5516,VICTORY BAPTIST CHURCH,12650 ADEN ROAD,NOKESVILLE,20181,2019/07/26 20:03:31+00,1
11817396.9996636,6931896.00003962,5517,OLD BRIDGE UNITED METHODIST CHURCH,3966 OLD BRIDGE ROAD,WOODBRIDGE,22192,2019/07/26 20:03:31+00,1
11825005.0001827,6931245.49968702,5518,ST ELIZABETH ANN SETON CATHOLIC CHURCH,12805 VALLEYWOOD DRIVE,WOODBRIDGE,22192,2019/07/26 20:03:31+00,1
11797722.0000933,6930841.99965464,5519,SACRED HEART CATHOLIC CHURCH,12975 PURCELL ROAD,MANASSAS,20112,2019/07/26 20:03:31+00,1
11798581.8331821,6930623.79216643,5520,PRINCE OF PEACE UNITED METHODIST CHURCH,6299 TOKEN FOREST DRIVE,MANASSAS,20112,2021/08/25 20:50:07+00,1
11785115.9999536,6929890.00042175,5521,WOODBINE CHURCH,12914 CANOVA DRIVE,MANASSAS,20112,2019/07/26 20:03:31+00,1
11829899.9997393,6929127.00035703,5522,EBENEZER BAPTIST CHURCH,13020 TELEGRAPH ROAD,WOODBRIDGE,22192,2019/07/26 20:03:31+00,1
11828565.313018,6927071.73584312,5523,MOUNT OLIVE BAPTIST CHURCH,13111 MINNIEVILLE ROAD,WOODBRIDGE,22192,2020/07/31 20:41:12+00,1
11828302.7758018,6928009.970212,5524,MINISTERIO DE VIDA WOODBRIDGE,2610 OMISOL ROAD,LAKE RIDGE,22192,2021/07/28 19:23:50+00,1
11815531.0003019,6927853.50019585,5525,DALE CITY CHURCH OF CHRIST,13130 HILLENDALE DRIVE,DALE CITY,22193,2019/07/26 20:03:31+00,1
11815717.9998541,6927575.50006759,5526,HILLENDALE BAPTIST CHURCH,13135 HILLENDALE DRIVE,WOODBRIDGE,22193,2019/07/26 20:03:31+00,1
11837798.4737306,6927133.23651518,5527,ST PAUL UNITED METHODIST CHURCH,1400 G STREET,WOODBRIDGE,22191,2020/09/30 18:32:37+00,1
11795545.9998353,6926512.50025861,5528,ST MARY'S CATHOLIC CHURCH BYZANTINE RITE,6719 TOKEN VALLEY ROAD,MANASSAS,20112,2020/07/31 20:18:54+00,1
11836500.9943054,6926504.2094426,5529,EMMANUEL PRESBYTERIAN MISSION CHURCH,13403 BAXTER STREET,WOODBRIDGE,22191,2021/08/25 20:50:26+00,1
11818588.1333607,6926302.29251441,5530,PARKWAY CHURCH,3713 PENNINGTON LANE,WOODBRIDGE,22192,2021/08/25 20:50:52+00,1
11827350.8331449,6926126.20854624,5531,CITY LIGHT CHURCH,13215 MINNIEVILLE ROAD,WOODBRIDGE,22192,2021/08/25 20:51:19+00,1
11836218.0003852,6925992.00003412,5532,ONE MIND CHURCH,13430 MILLWOOD DRIVE,WOODBRIDGE,22191,2019/07/26 20:03:31+00,1
11827492.145401,6925922.20829006,5533,KINGDOM HALL OF JEHOVAHS WITNESSES,13207 MINNIEVILLE ROAD,WOODBRIDGE,22192,2021/08/25 20:51:35+00,1
11809874.0833046,6925646.2292818,5534,EPIPHANY LUTHERAN CHURCH,13495 KEYTONE ROAD,WOODBRIDGE,22192,2021/08/25 20:52:03+00,1
11835700.9996807,6925736.00054587,5535,WOODBRIDGE CHURCH OF THE BRETHREN,13300 MILLWOOD DRIVE,WOODBRIDGE,22191,2019/07/26 20:03:31+00,1
11823203.312885,6924094.70876835,5536,BETHEL UNITED METHODIST CHURCH,13506 MINNIEVILLE ROAD,WOODBRIDGE,22192,2021/08/25 20:52:21+00,1
11837757.9996186,6923737.50019202,5537,OUR LADY OF ANGELS CATHOLIC CHURCH,13752 MARYS WAY,WOODBRIDGE,22191,2019/07/26 20:03:31+00,1
11833688.2078708,6923121.87497544,5538,WOODBRIDGE CHURCH OF CHRIST,13815 SURREY DRIVE,WOODBRIDGE,22191,2021/08/25 20:52:39+00,1
11836573.2221455,6922402.65551877,5539,PATHWAY VINEYARD CHURCH,1550 PRINCE WILLIAM PARKWAY,WOODBRIDGE,22191,2021/08/25 20:57:39+00,1
11836101.000449,6922295.50057468,5540,GRACE LUTHERAN CHURCH,1601 PRINCE WILLIAM PARKWAY,WOODBRIDGE,22191,2019/07/26 20:03:31+00,1
11835694.8748807,6921906.72924632,5541,IMAGE CHURCH,13900 CHURCH HILL DRIVE,WOODBRIDGE,22191,2021/08/25 20:58:09+00,1
11808494.3331593,6921276.68764573,5542,DALE CITY CHRISTIAN CHURCH,14022 LINDENDALE ROAD,WOODBRIDGE,22193,2021/08/25 20:59:03+00,1
11800679.957984,6921242.62556569,5543,CONGREGATION NER SHALOM,14010 SPRIGGS ROAD,WOODBRIDGE,22193,2021/08/25 20:59:37+00,1
11825439.0000551,6920820.0000293,5544,CHRIST CHAPEL,13909 SMOKETOWN ROAD,WOODBRIDGE,22192,2020/07/31 19:57:56+00,1
11819668.0002417,6920697.99964519,5545,HOLY FAMILY CATHOLIC CHURCH,14160 FERNDALE ROAD,DALE CITY,22193,2019/07/26 20:03:31+00,1
11756708.1251111,6920076.35407661,5546,ASBURY UNITED METHODIST CHURCH,14113 FLEETWOOD DRIVE,NOKESVILLE,20182,2021/08/25 20:59:51+00,1
11800480.9527999,6919806.37135635,5547,GRACE BAPTIST CHURCH,14242 SPRIGGS ROAD,WOODBRIDGE,22193,2021/08/25 21:00:13+00,1
11825331.000311,6920213.49993274,5548,WOODBRIDGE NAZ,14001 SMOKETOWN ROAD,WOODBRIDGE,22192,2020/07/31 20:03:11+00,1
11828619.9999941,6918584.99996322,5549,HARVEST LIFE CHURCH,14401 TELEGRAPH ROAD,WOODBRIDGE,22192,2020/07/31 20:05:34+00,1
11807205.7822461,6918447.95445909,5550,ST. MARGARET'S EPISCOPAL CHURCH,5290 SARATOGA LANE,WOODBRIDGE,22193,2021/08/25 21:00:31+00,1
11811053.8961697,6916728.04149748,5551,FIRST UNITED PRESBYTERIAN CHURCH OF DALE CITY,14391 MINNIEVILLE ROAD,WOODBRIDGE,22192,2021/08/25 21:03:52+00,1
11803099.0005463,6916597.99989738,5552,HERITAGE BAPTIST CHURCH,14510 SPRIGGS ROAD,DALE CITY,22193,2019/07/26 20:03:31+00,1
11806679.5624696,6916084.49948089,5553,SOVEREIGN GRACE BAPTIST CHURCH,14703 SILVERDALE DRIVE,DALE CITY,22193,2021/08/25 21:04:15+00,1
11825964.9999276,6915401.50018425,5554,CECIL D HYLTON MEMORIAL CHAPEL,14640 POTOMAC MILLS ROAD,WOODBRIDGE,22192,2019/07/26 20:03:31+00,1
11834757.0001918,6915212.99970408,5555,COKESBURY UNITED METHODIST CHURCH,14806 BLACKBURN ROAD,WOODBRIDGE,22191,2019/07/26 20:03:31+00,1
11820802.0879228,6914514.79528743,5556,DALE CITY BAPTIST CHURCH,3501 DALE BOULEVARD,WOODBRIDGE,22192,2021/08/25 21:04:34+00,1
11835282.6424323,6914541.71215145,5557,RIVERVIEW BAPTIST CHURCH,1722 FLORIDA AVENUE,WOODBRIDGE,22191,2021/08/25 21:05:01+00,1
11823927.8125977,6914362.06287129,5558,EVANGEL BAPTIST CHURCH,14836 ASHDALE AVENUE,WOODBRIDGE,22192,2021/08/25 21:05:22+00,1
11822474.9997963,6914111.99976705,5559,GOOD SHEPHERD UNITED METHODIST CHURCH,14999 BIRCHDALE AVENUE,DALE CITY,22193,2019/07/26 20:03:31+00,1
11819143.4785132,6913514.81295049,5560,LUTHERAN CHURCH OF THE COVENANT,15008 CLOVERDALE ROAD,DALE CITY,22191,2021/08/25 21:05:43+00,1
11794310.4788101,6913003.99976602,5561,RIVER OF GRACE LUTHERAN CHURCH,15012 DUMFRIES ROAD,MANASSAS,20112,2021/08/25 21:06:00+00,1
11837629.9996185,6910214.49960342,5562,MARSH ROAD BAPTIST CHURCH,1514 OLD MARSH ROAD,WOODBRIDGE,22191,2019/07/26 20:03:31+00,1
11821075.999731,6909441.0002107,5563,CROSSROADS PRESBYTERIAN CHURCH,15557 CARDINAL DRIVE,DALE CITY,22193,2021/07/28 19:03:04+00,1
11829478.0003789,6908073.99963343,5564,GOOD SHEPHERD LUTHERAN CHURCH,15695 BLACKBURN ROAD,WOODBRIDGE,22191,2019/07/26 20:03:31+00,1
11825498.8336552,6906221.6038557,5565,CALVARY BAPTIST CHURCH,15890 CREST DRIVE,WOODBRIDGE,22191,2021/08/25 21:06:17+00,1
11811930.6255145,6904569.72980617,5566,MONTCLAIR TABERNACLE CHURCH OF GOD,16120 DUMFRIES ROAD,DUMFRIES,22025,2021/08/25 21:06:44+00,1
11837421.7085463,6903185.52090888,5567,FAITH LIBERTY BAPTIST CHURCH,16248 NEABSCO ROAD,DALE CITY,22191,2021/08/25 21:07:06+00,1
11815738.0001101,6900195.9994981,5568,FIRST MOUNT ZION BAPTIST CHURCH,16622 DUMFRIES ROAD,DUMFRIES,22026,2019/07/26 20:03:31+00,1
11812213.0001708,6896240.00000641,5569,LITTLE UNION BAPTIST CHURCH,17150 MINE ROAD,DUMFRIES,22026,2019/07/26 20:03:31+00,1
11813557.414124,6894001.87827632,5570,IGLESIA ALFA Y OMEGA,17505 BATESTOWN ROAD,DUMFRIES,22026,2021/08/25 21:07:32+00,1
11817731.8128479,6892398.49984284,5571,DUMFRIES UNITED METHODIST CHURCH,3890 CAMERON STREET,DUMFRIES,22026,2021/08/25 21:08:29+00,1
11817257.0001755,6890569.49939314,5572,WORD PERFORMANCE CHURCH,17902 MAIN STREET,DUMFRIES,22026,2019/07/26 20:03:31+00,1
11819070.0001132,6887694.00012645,5573,CONCORDIA LUTHERAN CHURCH,3637 GRAHAM PARK ROAD,TRIANGLE,22172,2019/07/26 20:03:31+00,1
11814703.9997251,6887381.49964616,5574,TRIANGLE BAPTIST CHURCH,4345 INN STREET,TRIANGLE,22172,2019/07/26 20:03:31+00,1
11810818.5154335,6886553.81631739,5575,MOUNT ZION BAPTIST CHURCH,18410 CHAPEL ROAD,TRIANGLE,22172,2019/07/26 20:03:31+00,1
11815301.9998537,6884452.99967544,5576,FIRST ASSEMBLY OF GOD,4212 INN STREET,TRIANGLE,22172,2019/07/26 20:03:31+00,1
11818482.0001126,6883550.4995786,5577,ST FRANCIS OF ASSISI CATHOLIC CHURCH,18825 FULLER HEIGHTS ROAD,TRIANGLE,22172,2019/07/26 20:03:31+00,1
11819232.9996653,6881230.50034443,5578,STAR BETHLEHEM MISSIONARY BAPTIST CHURCH,19068 BETHLEHEM CHURCH ROAD,TRIANGLE,22172,2019/07/26 20:03:31+00,1
11836536.0000014,6915757.49967259,5579,UNITY CHURCH,14747 ARIZONA AVENUE,WOODBRIDGE,22191,2021/07/28 18:48:20+00,1
11715229.1636645,6996544.34749183,5580,ANTIOCH BAPTIST CHURCH,16513 WATERFALL ROAD,HAYMARKET,20169,2019/07/26 20:03:31+00,1
11767209.8410889,6956577.9474546,5581,BEREAN BAPTIST CHURCH,10213 NOKESVILLE ROAD,MANASSAS,20110,2019/07/26 20:03:31+00,1
11772943.6174782,6964274.23469377,5582,BETHEL LUTHERAN CHURCH,8712 PLANTATION LANE,MANASSAS,20110,2019/07/26 20:03:31+00,1
11776077.6670171,6958423.08998433,5583,BULL RUN UNITARIAN UNIVERSALISTS,9350 MAIN STREET,MANASSAS,20110,2019/07/26 20:03:31+00,1
11776002.9347291,6942234.88798524,5584,CALVARY GOSPEL CHURCH,11501 BRADLEY FOREST ROAD,MANASSAS,20112,2021/08/25 21:09:23+00,1
11818179.4964323,6922418.69980679,5585,CENTRAL BAPTIST CHURCH,13910 MINNIEVILLE ROAD,WOODBRIDGE,22193,2019/07/26 20:03:31+00,1
11778781.0334197,6956574.94022261,5586,VICTORY FELLOWSHIP CHURCH OF GOD OF PROPHECY,9608 FAIRVIEW AVENUE,MANASSAS,20110,2020/07/31 20:30:43+00,1
11831398.5599967,6923418.48297572,5587,FIRST CHURCH OF CHRIST SCIENTIST,2260 YORK DRIVE,WOODBRIDGE,22191,2021/08/25 21:09:45+00,1
11774868.529608,6958105.87808003,5588,FIRST BAPTIST CHURCH,9258 CENTER STREET,MANASSAS,20110,2019/07/26 20:03:31+00,1
11821247.7954432,6935484.46698695,5589,FIRST BAPTIST CHURCH SBC,3460 COMMISSION COURT,WOODBRIDGE,22192,2019/07/26 20:03:31+00,1
11774825.637064,6953565.49612381,5591,GRACE UNITED METHODIST CHURCH,9750 WELLINGTON ROAD,MANASSAS,20110,2020/07/31 19:41:56+00,1
11810892.7444256,6916631.7837054,5592,GREENWOOD BAPTIST CHURCH,14601 CARDINAL DRIVE,WOODBRIDGE,22193,2021/08/25 21:24:29+00,1
11768091.3612177,6935374.94353086,5593,HATCHER'S MEMORIAL BAPTIST CHURCH,12225 BARBEE ROAD,BRISTOW,20136,2021/08/25 21:24:59+00,1
11769876.3109794,6959638.33683345,5594,KINGDOM HALL OF JEHOVAHS WITNESSES,9912 COCKRELL ROAD,MANASSAS,20110,2019/07/26 20:03:31+00,1
11769461.402819,6968563.08615376,5595,THE CHURCH OF JESUS CHRIST OF LATTER-DAY SAINTS,8001 BARRETT DRIVE,MANASSAS,20109,2020/07/07 20:45:42+00,1
11802727.44189,6930246.12202208,5596,THE CHURCH OF JESUS CHRIST OF LATTER-DAY SAINTS,5750 WEBSTERS WAY,WOODBRIDGE,22192,2020/07/07 20:45:42+00,1
11824349.0109341,6914114.33064705,5597,THE CHURCH OF JESUS CHRIST OF LATTER-DAY SAINTS,3000 DALE BOULEVARD,DALE CITY,22193,2021/08/25 21:25:18+00,1
11764260.4643181,6978838.41928333,5598,LIVING FAITH CHURCH,10266 BATTLEVIEW PARKWAY,MANASSAS,20109,2020/07/31 19:45:35+00,1
11756653.8528551,6951691.66521005,5599,CHAPEL SPRINGS CHURCH,11500 NEW LIFE WAY,BRISTOW,20136,2021/07/28 18:29:45+00,1
11772945.0884542,6963218.06368479,5600,MANASSAS BAPTIST CHURCH,8730 SUDLEY ROAD,MANASSAS,20110,2019/07/26 20:03:31+00,1
11783350.1275679,6957598.04191956,5601,MANASSAS CHURCH OF CHRIST,8110 SIGNAL HILL ROAD,MANASSAS,20111,2019/07/26 20:03:31+00,1
11774217.6718794,6962838.15712443,5602,ST THOMAS UNITED METHODIST CHURCH,8899 SUDLEY ROAD,MANASSAS,20190,2019/07/26 20:03:31+00,1
11822591.6705165,6871710.79499157,5603,US MARINE MEMORIAL CHAPEL,19378 FULLER HEIGHTS ROAD,TRIANGLE,22172,2019/07/26 20:03:31+00,1
11773496.0291267,6965261.48947869,5604,CROSSWAY FELLOWSHIP,8601 PLANTATION LANE,MANASSAS,20110,2021/07/28 19:49:00+00,1
11780854.5648136,6963098.55674067,5605,NEW COVENANT FELLOWSHIP,8624 PHOENIX DRIVE,MANASSAS,20110,2019/07/26 20:03:31+00,1
11776825.9616738,6961547.66701123,5606,NATIVITY OF OUR LORD ORTHODOX CHURCH,8911 WEEMS ROAD,MANASSAS,20110,2019/07/26 20:03:31+00,1
11826084.2309037,6917154.61071388,5607,OPEN ARMS PFWB CHURCH,14549 TOWN CENTER ROAD,DALE CITY,22193,2021/08/25 21:25:58+00,1
11777588.7095785,6958386.30790429,5608,REFORMED PRESBYTERIAN CHURCH MANASSAS,9400 FAIRVIEW AVENUE,MANASSAS,20110,2020/07/31 19:40:20+00,1
11750055.6463849,6958932.94547279,5609,ST BENEDICT MONASTERY,9535 LINTON HALL ROAD,BRISTOW,20136,2019/07/26 20:03:31+00,1
11769674.5210272,6967713.69888897,5610,MANASSAS SEVENTH-DAY ADVENTIST CHURCH,9858 FAIRMONT AVENUE,MANASSAS,20109,2019/07/26 20:03:31+00,1
11785744.9650741,6971860.70894083,5611,REPENTANCE BY FAITH CHURCH OF GOD,7907 RUGBY ROAD,MANASSAS,20111,2020/07/31 20:16:04+00,1
11779057.0741239,6960208.75142598,5612,VICTORY GOSPEL CHURCH,9115 WEIR PLACE,MANASSAS,20110,2019/07/26 20:03:31+00,1
11839437.9589161,6925223.09174541,5613,HOPE AGLOW EMPOWERMENT CHURCH,13550 RICHMOND HIGHWAY,WOODBRIDGE,22191,2022/07/05 18:38:11+00,1
11837354.0559382,6921772.14927819,5614,WOODBRIDGE CHRISTIAN CHURCH,14045 RICHMOND HIGHWAY,WOODBRIDGE,22191,2022/07/05 18:38:11+00,1
11821461.2602754,6923555.13961585,5615,FIRST BAPTIST CHURCH OF WOODBRIDGE,13600 MINNIEVILLE ROAD,WOODBRIDGE,22192,2019/07/26 20:03:31+00,1
11718231.4794433,6968004.32084125,5616,APOSTOLIC FAITH CHURCH,16211 LEE HIGHWAY,GAINESVILLE,20155,2021/08/25 21:27:17+00,1
11729076.0777254,6974872.52692764,5617,FIRESIDE WESLEYAN CHURCH,10511 WHARFDALE PLACE,GAINESVILLE,20155,2020/09/30 18:04:33+00,1
11736891.5867246,6967963.7937372,5618,APOSTOLIC FAITH UNITED PENTECOSTAL CHURCH,14002 GLENKIRK ROAD,GAINESVILLE,20155,2021/08/25 21:27:39+00,1
11783245.8226718,6973348.08327822,5619,YORKSHIRE FREE WILL BAPTIST CHURCH,7620 CHESTNUT STREET,MANASSAS,20111,2021/08/25 21:27:56+00,1
11749381.9360483,6956888.9628789,5620,GRACE LIFE COMMUNITY CHURCH,9560 LINTON HALL ROAD,BRISTOW,20136,2021/08/25 21:28:23+00,1
11785408.7712818,6934431.77143398,5621,VIRGINIA KOREAN SDA CHURCH,12351 DUMFRIES ROAD,MANASSAS,20112,2019/07/26 20:03:31+00,1
11818893.854449,6933065.65712871,5622,OCCOQUAN BIBLE CHURCH,3700 OLD BRIDGE ROAD,LAKE RIDGE,22192,2019/07/26 20:03:31+00,1
11805427.0049005,6931459.63498321,5623,DAR-ALNOOR ISLAMIC COMMUNITY CENTER,5404 HOADLY ROAD,MANASSAS,20112,2021/07/28 15:38:08+00,1
11804348.3852515,6931116.04253489,5624,MASROOR MOSQUE,5640 HOADLY ROAD,MANASSAS,20112,2020/02/25 16:07:37+00,1
11817246.7791195,6909472.99816273,5625,INSPIRE CHURCH,15418 CARDINAL DRIVE,WOODBRIDGE ,22193,2021/08/25 21:29:16+00,1
11796569.7167002,6928125.8276201,5626,SPRIGGS ROAD PRESBYTERIAN CHURCH,13201 SPRIGGS ROAD,MANASSAS,20112,2021/08/25 21:29:37+00,1
11828189.7710017,6918346.783259,5627,EBENEZER PRESBYTERIAN CHURCH,14508 TELEGRAPH ROAD,WOODBRIDGE,22192,2021/08/25 21:30:18+00,1
11720466.7721173,6972897.3197578,5628,GRACE CHURCH OF GAINESVILLE,7506 JAMES MADISON HIGHWAY,GAINESVILLE,20155,2020/09/30 17:56:58+00,1
11825451.6037031,6914761.22779965,5629,ALL SAINTS' CHURCH,14851 GIDEON DRIVE,WOODBRIDGE,22192,2019/07/26 20:03:31+00,1
11818255.2895844,6891952.17997041,5630,CHURCH ON THE ROCK MINISTRIES,17732 WASHINGTON STREET,DUMFRIES,22026,2021/08/25 21:30:45+00,1
11840249.4364209,6927768.06710777,5631,RENEW LIFE WORSHIP CENTER,13195 GORDON BOULEVARD,WOODBRIDGE,22191,2019/07/26 20:03:31+00,1
11836994.1155859,6930580.95824639,5632,HOLINESS TABERNACLE CHURCH OF GOD IN CHRIST,1440 OLD BRIDGE ROAD,WOODBRIDGE,22192,2021/08/25 21:31:16+00,1
11731856.801696,6978009.94977856,5633,HAYMARKET CHURCH OF CHRIST,6945 GILLIS WAY,GAINESVILLE,20155,2019/07/26 20:03:31+00,1
11739966.0450955,6968464.54304968,5636,HOLY TRINITY CATHOLIC CHURCH,8213 LINTON HALL ROAD,GAINESVILLE,20155,2019/07/26 20:03:31+00,1
11739324.3585669,6968208.40532143,5637,GAINESVILLE UNITED METHODIST CHURCH,13710 MILESTONE COURT,GAINESVILLE,20155,2021/08/25 21:31:39+00,1
11820686.2200187,6892408.27110684,5638,WORD OF FAITH CHRISTIAN FELLOWSHIP CHURCH,17650 POSSUM POINT ROAD,DUMFRIES,22026,2021/08/25 21:31:57+00,1
11822996.8086928,6922255.74787064,5639,VICTORY BY FAITH CHURCH,14065 CROWN COURT,WOODBRIDGE,22193,2021/08/25 21:33:12+00,1
11817518.6828637,6891062.17139359,5640,GREATER PRAISE TEMPLE MINISTRIES,17838 MAIN STREET,DUMFRIES,22026,2019/07/26 20:03:31+00,1
11816905.6074072,6920680.27932517,5641,VICTORY CHRISTIAN MINISTRIES INTERNATIONAL,14015 MINNIEVILLE ROAD,WOODBRIDGE,22193,2019/07/26 20:03:31+00,1
11731443.8713916,7017277.78699914,5642,TU VIEN TUONG VAN TEMPLE,2101 JAMES MADISON HIGHWAY,HAYMARKET,20169,2019/07/26 20:03:31+00,1
11736633.5105644,6965553.33511096,5643,NORTHERN VIRGINIA BAPTIST CENTER,14019 GLENKIRK ROAD,GAINESVILLE,20155,2019/07/26 20:03:31+00,1
11736071.1794279,6966131.69031151,5644,THE CHURCH OF JESUS CHRIST OF LATTER-DAY SAINTS,14015 GLENKIRK ROAD,GAINESVILLE,20155,2020/07/07 20:45:42+00,1
11726775.3355792,6991241.07119888,5645,LIVING HOPE SEVENTH-DAY ADVENTIST CHURCH,5235 MERCHANTS VIEW SQUARE,HAYMARKET,20169,2019/07/26 20:03:31+00,1
11815496.3501898,6931407.48624717,5646,MOVE CHURCH,13061 TOUCHSTONE CIRCLE,WOODBRIDGE,22192,2021/08/25 21:33:49+00,1
11728048.2259484,6997585.2432368,5647,PARK VALLEY CHURCH,4500 WAVERLY FARM DRIVE,HAYMARKET,20169,2021/08/25 21:34:04+00,1
11828760.6394822,6909583.24149084,5648,HARVEST LIFE CHURCH,15505 NEABSCO MILLS ROAD,WOODBRIDGE,22191,2020/07/31 20:07:58+00,1
11817519.4147677,6931591.35824734,5649,WATT BUDDHACHEYA MONGKOL TEMPLE,3905 OLD BRIDGE ROAD,WOODBRIDGE,22192,2021/08/25 21:34:39+00,1
11746706.2980298,6949618.85061613,5653,NAKKKUSA TEMPLE,10505 KETTLE RUN ROAD,NOKESVILLE,20181,2019/07/26 20:03:31+00,1
11781528.6499342,6968472.19463368,5654,RCCG CHAPEL OF GRACE,8450 MAPLEWOOD DRIVE,MANASSAS,20111,2019/07/26 20:03:31+00,1
11838854.7294756,6922904.39555125,5655,THE POTTER'S HOUSE,1305 JEFFERSON PLAZA,WOODBRIDGE,22191,2021/08/26 13:49:18+00,1
11729827.9128621,7000310.86551133,5656,SHEPHERD OF THE HILLS LUTHERAN CHURCH,4090 SUDLEY ROAD,HAYMARKET,20169,2021/08/26 13:49:47+00,1
11785590.954706,6916066.43176888,5657,RECONCILIATION COMMUNITY CHURCH,14654 JOPLIN ROAD,MANASSAS,20112,2021/08/26 13:50:27+00,1
11752547.6131072,6993698.95561717,5658,MISION EVANGELICA SAN JUAN,4949 SUDLEY ROAD,CATHARPIN,20143,2019/07/26 20:03:31+00,1
11814554.242797,6930121.76080596,5659,MOSQUE MOHAMMADIA CENTER OF NORTHERN VA,4291 PRINCE WILLIAM PKWY,WOODBRIDGE,22192,2019/07/26 20:03:31+00,2
11823880.3880857,6924739.03593695,5660,DEBRE MEDHANIT EYESUS ETHIOPIAN ORTHODOX TEWAHIDO CHURCH,13456 MINNIEVILLE ROAD,WOODBRIDGE,22192,2020/06/30 15:49:56+00,1
11839462.0180522,6925859.11069,5661,LAMB OF GOD INTERNATIONAL CHURCH,13414 OCCOQUAN ROAD,WOODBRIDGE,22191,2021/08/26 13:51:56+00,1
11747624.3501266,6937397.83530875,5662,ALIVE CHURCH,12625 FITZWATER DRIVE,NOKESVILLE,20181,2021/08/26 20:33:51+00,1
11820065.5774581,6887526.25075029,5663,ABUNDANT LIFE OUTREACH MINISTRIES,3613 GRAHAM PARK ROAD,TRIANGLE,22172,2020/06/30 19:29:29+00,1
11830957.5070682,6930816.12573461,5664,ABUNDANT LIFE UNITED PENTECOSTAL CHURCH,12964 HARBOR DRIVE,WOODBRIDGE,22192,2021/08/26 13:55:54+00,1
11819152.2931053,6891011.20563354,6061,GRACE CHURCH,1006 WILLIAMSTOWN DRIVE,DUMFRIES,22026,2021/08/26 14:31:51+00,1
11794557.7271944,6912616.19842166,6062,HOPE HILL CHURCH,15024 DUMFRIES ROAD,MANASSAS,20112,2021/08/26 14:32:27+00,1
11746276.2525894,6995143.83139452,6063,ST. KATHARINE DREXEL MISSION,4610 SUDLEY ROAD,CATHARPIN,20143,2021/08/26 20:35:21+00,1
11814239.2565567,6920544.78415705,6064,IMMANUEL ANGLICAN CHURCH,4323 DALE BOULEVARD,WOODBRIDGE,22193,2021/08/26 14:33:59+00,1
11824104.0921499,6922376.25961475,6065,DIVINE WORD INTERNATIONAL MINISTRIES,3115 GOLANSKY BOULEVARD,WOODBRIDGE,22192,2021/08/26 14:34:59+00,1
11832503.0561257,6914378.8989673,6066,MASJID AL-FALAH,14918 RICHMOND HIGHWAY,WOODBRIDGE,22191,2022/07/05 18:38:11+00,1
11814861.9962693,6919656.72450821,6067,HASKAY COMMUNITY MASJID,4229 DALE BOULEVARD,WOODBRIDGE,22193,2021/08/26 14:35:46+00,1
11807136.1858301,6918406.98242706,6068,WOODBRIDGE SEVENTH DAY ADVENTIST CHURCH,5290 SARATOGA LANE,WOODBRIDGE,22193,2021/07/28 18:36:26+00,1
11800537.7333439,6919982.32937253,6069,GRACE FILIPINO CHURCH,14242 SPRIGGS ROAD,WOODBRIDGE,22193,2021/07/28 18:45:13+00,1
11817197.6583514,6909436.8046267,6070,REY DE GLORIA VIRGINIA,15418 CARDINAL DRIVE,WOODBRIDGE,22192,2021/07/28 18:54:44+00,1
11836580.6809615,6922343.41660672,6071,WOODBRIDGE GHANAIAN SEVENTH-DAY ADVENTIST CHURCH,1550 PRINCE WILLIAM PARKWAY,WOODBRIDGE,22191,2021/07/28 18:59:11+00,1
11820646.8958586,6909511.49313878,6072,NEABSCO BAPTIST CHURCH,15545 CARDINAL DRIVE,WOODBRIDGE,22193,2021/08/26 14:37:30+00,1
11835277.9932163,6914601.61819951,6073,IGLESIA BUENA TIERRA,1722 FLORIDA AVENUE,WOODBRIDGE,22191,2021/07/28 19:17:23+00,1
11824442.7678622,6920337.99247685,6074,THE CONNECTION CHURCH,14000 SMOKETOWN ROAD,WOODBRIDGE,22192,2021/08/26 14:39:16+00,1
11744964.9181882,6952842.06213912,6075,NEW LIFE COMMUNITY BAPTIST CHURCH,14000 SUDLEY MANOR DRIVE,BRISTOW,20136,2021/08/26 14:59:39+00,1
11829624.879099,6893454.08512382,6076,TRINITY BAPTIST CHURCH,2500 RIVER HERITAGE BOULEVARD,DUMFRIES,22026,2021/08/26 15:00:39+00,1
11824114.4903579,6891383.10579389,6077,PILLAR CHURCH OF DUMFRIES,17700 WAYSIDE DRIVE,DUMFRIES,22026,2021/08/26 15:01:01+00,1
11820700.5775227,6892349.33017878,6078,RIVER OF LIFE CHURCH,17650 POSSUM POINT ROAD,DUMFRIES,22026,2021/07/29 16:25:45+00,1
11741254.9288087,6966460.26247181,6079,NEW LIFE CHRISTIAN CHURCH LINTON HALL CAMPUS,8301 LINTON HALL RD,BRISTOW,20136,2021/07/29 16:17:49+00,1
11824870.6634146,6933454.40644106,6080,ZION WOODBRIDGE,3001 OLD BRIDGE ROAD,WOODBRIDGE,22192,2021/08/26 15:03:00+00,1
11771915.5225013,6959081.36224094,6461,ALL SAINTS CATHOLIC CHURCH,9300 STONEWALL ROAD,MANASSAS,20110,2021/08/18 20:11:25+00,1
11817551.3208158,6891390.06822589,6462,BADR COMMUNITY CENTER OF DUMFRIES,17794 MAIN STREET,DUMFRIES,22026,2021/08/26 15:03:28+00,1
11813994.3505725,6904768.86939035,6467,BETHEL AME CHURCH,4371 KEVIN WALKER DRIVE,DUMFRIES,22025,2021/08/26 15:06:27+00,1
11816593.4773589,6885590.85414049,6468,THE BIBLEWAY APOSTOLIC MINISTRIES,18516 TRIANGLE STREET,TRIANGLE,22172,2021/08/26 15:07:11+00,1
11834951.7952,6917850.79605854,6469,IGLESIA PENTECOSTAL UNIDA CENTRO VIDA WOODBRIDGE,1646 WOODSIDE DRIVE,WOODBRIDGE,22191,2021/08/26 15:07:44+00,1
11813511.273452,6921554.11254199,6470,CHRIST NEW BIRTH MINISTRIES,4421 DALE BOULEVARD,WOODBRIDGE,22193,2021/08/26 20:37:34+00,1
11762264.1555803,6971827.3623808,6471,CHRISTIAN LIFE CHURCH,7845 ASHTON AVENUE,MANASSAS,20109,2021/08/26 15:13:18+00,1
11777986.1173229,6962425.79974805,6472,SOUL'S HARBOR CHURCH OF GOD,8900 PORTNER AVENUE,MANASSAS,20110,2021/08/18 20:11:25+00,1
11734926.7009628,6973652.2158865,6473,ST THOMAS ANGLICAN CHURCH,7500 LOGOS WAY,GAINESVILLE,20155,2021/08/18 20:11:25+00,1
11811718.8490023,6931679.51389542,6474,COVENANT PRESBYTERIAN CHURCH,12700 BLACK FOREST LANE,WOODBRIDGE,22192,2021/08/26 20:40:33+00,1
11770561.414084,6955185.2424293,6475,EVERGREEN COMMUNITY CHURCH,9501 DEAN PARK LANE,MANASSAS,20110,2021/08/18 20:11:25+00,1
11838414.1711392,6926623.11197071,6476,FAITH FAMILY MINISTRIES INTERNATIONAL CHURCH,1312 HORNER ROAD,WOODBRIDGE,22191,2021/08/26 16:01:38+00,1
11778852.2462197,6968804.54100199,6477,FIRST BIBLE BAPTIST CHURCH,206 MANASSAS DRIVE,MANASSAS,20111,2021/08/18 20:11:25+00,1
11814749.5152452,6921133.98838159,6478,FREEDOM FELLOWSHIP CHURCH,4320 DALE BOULEVARD,WOODBRIDGE,22193,2021/08/26 16:02:05+00,1
11762473.4486365,6974073.71681491,6479,GOOD NEWS WASHINGTON CHURCH,7461 MIRAMAR DR,MANASSAS,20109,2021/08/18 20:11:25+00,1
11815375.6502857,6884369.71980335,6480,GREATER NEW LIFE CHRISTIAN FELLOWSHIP,8210 INN STREET,TRIANGLE,22172,2021/08/26 16:02:32+00,1
11817932.4083041,6890737.98886529,6481,HARVEST TABERNACLE MINISTRIES,17873 MAIN STREET,DUMFRIES,22026,2021/08/26 16:03:56+00,1
11724717.0884093,6977795.46299437,6482,HAYMARKET CHURCH,15500 LEARNING LANE,HAYMARKET,20169,2021/08/26 16:05:26+00,1
11829819.8259152,6923769.99350405,6483,HOPE OF GLORY CHURCH,14300 CROSSING PLACE,WOODBRIDGE,22192,2021/08/26 16:06:15+00,1
11827372.5567929,6926171.97085029,6484,IGLESIA ADVENTISTA DE WOODBRIDGE,13215 MINNIEVILLE ROAD,WOODBRIDGE,22192,2021/08/26 16:06:49+00,1
11767195.6049289,6956558.50297458,6485,IGLESIA BAUTISTA EMANUEL,10213 NOKESVILLE ROAD,MANASSAS,20110,2021/08/18 20:11:25+00,1
11780911.0166536,6962521.94797213,6486,IGLESIA CRISTIANA PROPOSITO ETERNO,8533 PHOENIX DRIVE,MANASSAS,20110,2021/08/18 20:11:25+00,1
11808044.5245189,6933549.28746516,6487,IGLESIA DE CRISTO BETHER,5015 DAVIS FORD ROAD,WOODBRIDGE,22192,2021/08/26 16:07:08+00,1
11838417.0485792,6926583.81213067,6488,IGLESIA EVANGELICA APOSTOLES Y PROFETAS VIDA ETERNA,1312 HORNER ROAD,WOODBRIDGE,22191,2021/08/26 16:07:58+00,1
11762788.8373088,6973797.52583864,6489,TABERNACULO EL REMANENTE,7507 PRESIDENTIAL LANE,MANASSAS,20109,2021/08/26 21:13:14+00,1
11782433.8946071,6972732.58247764,6490,IGLESIA DE DIOS PENTECOSTES MONTE DE LOS OLIVOS,8280 RUGBY ROAD,MANASSAS,20111,2021/08/26 21:16:22+00,1
11761487.5294036,6975690.7387684,6491,IGLESIA PENTECOSTES LA NUEVA JERULASEN,7236 NATHAN COURT,MANASSAS,20109,2021/08/26 21:16:54+00,1
11807782.6585347,6916170.85877697,6492,IGLESIA PUERTO DEL CIELO,14615 GENERAL WASHINGTON DRIVE,WOODBRIDGE,22193,2021/08/26 16:32:52+00,1
11761335.3978194,6976013.45441671,6861,KHATAM-UN-NABIYEEN CENTER,7216 NATHAN COURT,MANASSAS,20109,2021/08/26 16:33:49+00,1
11834688.8243197,6918766.26025139,6862,KINGSLIGHT CHAPEL INTERNATIONAL INC.,14348 RICHMOND HIGHWAY,WOODBRIDGE,22191,2022/07/05 18:38:11+00,1
11769328.5480348,6957534.7776635,6863,LIFE CONNECTION CHURCH,9510 TECHNOLOGY DRIVE,MANASSAS,20110,2021/08/18 20:11:25+00,1
11781631.5611663,6961888.35616355,6864,MANASSAS MUSLIM ASSOCIATION,9059 EUCLID AVENUE,MANASSAS,20110,2021/08/18 20:11:25+00,1
11764942.0694388,6978260.5515068,6865,MCLEAN BIBLE CHURCH PRINCE WILLIAM CAMPUS,10002 BATTLEVIEW PARKWAY,MANASSAS,20109,2021/08/26 16:34:30+00,1
11782412.404687,6972744.35182166,6866,MINISTERIO INTERNACIONAL CATEDRAL DE LA FE,8306 RUGBY ROAD,MANASSAS,20111,2021/08/26 16:35:09+00,1
11775830.2903769,6971287.78887631,6867,MINISTERIO INTERNACIONAL ROCA DE SALVACION,137 COLFAX DRIVE,MANASSAS,20111,2021/08/18 20:11:25+00,1
11839258.00858,6924632.33129685,6868,MINISTERIO VOZ PROFETICA A LAS NACIONES,13624 RICHMOND HIGHWAY,WOODBRIDGE,22191,2022/07/05 18:38:11+00,1
11783001.9455516,6973015.16193391,6869,MISION CRISTIANA ELIM DE VIRGINIA,7555 CENTREVILLE ROAD,MANASSAS,20111,2021/08/26 21:31:22+00,1
11775391.0857685,6958062.36243199,6870,MOUNTAINTOP CHURCH,9213 CENTER STREET,MANASSAS,20110,2021/08/18 20:11:25+00,1
11737769.5394935,6970922.58439596,6871,NEW SEASON COMMUNITY CHURCH,8001 GATEWAY PROMENADE PLACE,GAINESVILLE,20155,2021/08/18 20:11:25+00,1
11729371.2078376,6979922.99886835,6872,PIEDMONT BIBLE CHURCH,14910 WASHINGTON STREET,HAYMARKET,20169,2021/08/26 16:45:43+00,1
11778298.2115312,6961538.17939523,6873,PRINCE WILLIAM ISLAMIC CENTER,9002 MATHIS AVENUE,MANASSAS,20110,2021/08/18 20:11:25+00,1
11762863.6645728,6977778.00456235,6874,REMANENTE CHURCH,10519 BATTLEVIEW PARKWAY,MANASSAS,20109,2021/08/26 16:46:15+00,1
11840742.3188534,6928342.1430123,6875,ROYALHOUSE CHAPEL INTERNATIONAL,991 ANNAPOLIS WAY,WOODBRIDGE,22192,2021/08/18 20:11:25+00,1
11772196.8503735,6957060.14393505,6876,SION ASAMBLIA CRISTIANA,9518 PRINCE WILLIAM STREET,MANASSAS,20110,2021/08/18 20:11:25+00,1
11817983.5025762,6891561.02246605,6877,SPIRIT OF TRUTH DELIVERANCE CHURCH,17775 MAIN STREET,DUMFRIES,22026,2021/08/26 16:46:37+00,1
11835519.2660485,6931842.68547957,6878,THE LIFE CHURCH,12680 DARBY BROOKE COURT,WOODBRIDGE,22192,2021/08/26 21:31:39+00,1
11816373.6522067,6929328.19741322,6879,THE LORD'S CHURCH AT WOODBRIDGE,13025 CHINN PARK DRIVE,WOODBRIDGE,22192,2021/08/26 16:47:25+00,1
11763683.7160296,6969338.78586648,6880,THE RIVER CHRISTIAN CENTER,10655 LOMOND DRIVE 105,MANASSAS,20109,2021/08/26 16:47:51+00,1
11758449.9683127,6971930.3708929,6881,THE ROCK CHURCH OF MANASSAS,7702 BETHLEHEM ROAD,MANASSAS,20109,2021/08/26 16:48:44+00,1
11820749.0948987,6935962.80861941,6882,TRINITY LUTHERAN CHURCH,12345 COTTON MILL DRIVE,WOODBRIDGE,22192,2021/08/26 16:49:03+00,1
11838583.9475234,6927669.06089967,6883,WOODBRIDGE FAITH CENTER,13195 OCCOQUAN ROAD,WOODBRIDGE,22191,2021/08/26 17:10:12+00,1
11767799.0670734,6966001.40960738,6884,WORD ALIVE CHURCH INTERNATIONAL,8517 RIXLEW LANE,MANASSAS,20109,2021/08/26 17:10:50+00,1
